"Player","Team","Pos","doBest","doECR","doSD","doWorst","dpBest","dpECR","dpSD","dpWorst","roBest","roECR","rookBest","rookECR","rookSD","rookWorst","roSD","roWorst","rpBest","rpECR","rpSD","rpWorst","ScrapeDate"
"Christian McCaffrey","CAR","RB",1,3,1.3,6,1,2.3,0.7,5,1,2.5,,,,,1.5,5,1,2.3,1.1,4,2019-09-13
"Ezekiel Elliott","DAL","RB",2,5.3,2.4,10,2,3.5,0.8,5,1,2.5,,,,,1.7,5,1,2.3,1.3,4,2019-09-13
"Saquon Barkley","NYG","RB",1,1.2,0.6,5,1,1.1,0.4,4,1,2.8,,,,,1.5,5,1,2.5,1.1,4,2019-09-13
"Alvin Kamara","NOS","RB",2,4.7,1.3,8,2,3.1,0.5,4,2,3.3,,,,,1.1,5,2,3,0.7,4,2019-09-13
"Davante Adams","GBP","WR",4,7.8,1.8,15,1,3.9,1.2,7,4,4.8,,,,,1.3,7,1,1.5,0.9,3,2019-09-13
"DeAndre Hopkins","HOU","WR",1,3.7,1.4,9,1,1.4,0.6,4,6,6,,,,,0,6,2,2,0,2,2019-09-13
"Julio Jones","ATL","WR",9,15.5,2.2,25,3,8,1.5,13,4,7.5,,,,,2.9,12,1,3.3,1.8,6,2019-09-13
"Travis Kelce","KCC","TE",8,20.3,4,31,1,1.1,0.3,3,9,9,,,,,0,9,1,1,0,1,2019-09-13
"David Johnson","ARI","RB",5,15.4,5.3,34,5,7.9,2.4,15,8,9.8,,,,,3,15,5,5.8,1.3,8,2019-09-13
"Michael Thomas","NOS","WR",3,8.5,1.5,16,2,3.9,0.9,6,10,10,,,,,0,10,4,4,0,4,2019-09-13
"Odell Beckham","CLE","WR",1,6.1,2.9,14,1,3.1,1.4,7,7,10.5,,,,,2.1,12,3,5,1.2,6,2019-09-13
"Dalvin Cook","MIN","RB",9,16.2,3,22,5,8.5,1.4,15,8,12.8,,,,,2.9,15,5,6.8,1.3,8,2019-09-13
"LeVeon Bell","NYJ","RB",9,23.3,5.7,46,7,11.9,2.2,20,13,13.5,,,,,0.5,14,6,6.5,0.5,7,2019-09-13
"JuJu Smith-Schuster","PIT","WR",2,8,3,18,1,3.4,1.6,9,11,14.5,,,,,3.5,18,5,6.5,1.5,8,2019-09-13
"Nick Chubb","CLE","RB",5,14,3.5,24,4,6.9,1.7,11,14,15,,,,,1,16,7,8,1,9,2019-09-13
"James Conner","PIT","RB",7,21.4,6.6,47,6,10.8,3.1,22,13,15,,,,,1.2,16,6,8,1.2,9,2019-09-13
"Keenan Allen","LAC","WR",11,21.6,5.6,35,5,10.2,2.3,20,17,17.5,,,,,0.9,19,7,7.5,0.9,9,2019-09-13
"Adam Thielen","MIN","WR",17,30.8,5.5,71,10,14.9,2.7,23,17,18.5,,,,,0.9,19,7,8.5,0.9,9,2019-09-13
"Mike Evans","TBB","WR",8,12.2,3.1,26,4,6.4,1.1,9,12,18.5,,,,,4.1,22,6,8.5,1.7,10,2019-09-13
"Amari Cooper","DAL","WR",12,20.6,4.6,36,7,9.5,1.7,22,11,20.5,,,,,7.2,31,5,9.5,3.6,15,2019-09-13
"Leonard Fournette","JAC","RB",15,35,9,65,7,15.2,2.9,32,20,20.8,,,,,1.3,23,10,10.5,0.9,12,2019-09-13
"Chris Carson","SEA","RB",27,67.3,20.9,111,13,26.5,6.9,40,21,21,,,,,0,21,11,11,0,11,2019-09-13
"George Kittle","SFO","TE",14,26.7,4.2,41,1,2,0.5,3,25,25,,,,,0,25,2,2,0,2,2019-09-13
"Robert Woods","LAR","WR",32,42,7.2,131,14,21.4,5,42,24,26,,,,,2,28,11,12,1,13,2019-09-13
"Todd Gurley","LAR","RB",5,18.4,8.8,45,2,8.9,3,18,20,28.3,,,,,5.4,35,10,13.5,2.2,16,2019-09-13
"Stefon Diggs","MIN","WR",14,22.1,3.7,30,7,11,1.5,14,24,30.3,,,,,8.7,45,11,13.8,3.7,20,2019-09-13
"Joe Mixon","CIN","RB",7,12,3,24,5,6.5,1.7,11,23,31,,,,,6.8,40,12,15,2.7,19,2019-09-13
"Brandin Cooks","LAR","WR",18,29.1,5.6,43,10,13.7,2.2,20,27,31,,,,,6.9,43,12,13.5,2.6,18,2019-09-13
"Chris Godwin","TBB","WR",26,39.7,7.8,79,10,18,3.4,32,30,33.8,,,,,5.9,44,14,15.5,2.1,19,2019-09-13
"Zach Ertz","PHI","TE",21,37.2,9.4,70,2,3.2,0.7,6,34,34,,,,,0,34,3,3,0,3,2019-09-13
"Allen Robinson","CHI","WR",34,54.6,10.9,96,18,25.9,3.9,45,30,34.8,,,,,4.3,39,14,15.8,1.3,17,2019-09-13
"Marlon Mack","IND","RB",26,48,9,70,12,20.7,3.5,28,33,36,,,,,2.1,38,15,16.8,1.3,18,2019-09-13
"Patrick Mahomes","KCC","QB",6,30.3,5.6,47,1,1,0,1,36,36,,,,,0,36,1,1,0,1,2019-09-13
"Austin Ekeler","LAC","RB",74,108.8,16.5,151,24,38.4,5.6,51,23,36,,,,,10,51,12,17,4.4,24,2019-09-13
"Aaron Jones","GBP","RB",21,36.3,8.1,92,11,16.5,3.9,33,29,36.3,,,,,4.8,41,14,17.3,2.4,20,2019-09-13
"Josh Jacobs","OAK","RB",22,36.3,7.3,75,10,16.5,4.1,30,26,36.3,1,1.4,0.5,4,14,60,13,16.8,5.4,26,2019-09-13
"James White","NEP","RB",69,91.8,15.2,137,23,33.8,4.6,50,23,39.5,,,,,12.1,57,12,18.5,4.7,25,2019-09-13
"TY Hilton","IND","WR",24,41.1,9,79,13,20.5,3.8,35,30,41.8,,,,,11.1,56,14,19.3,4.4,25,2019-09-13
"Mark Ingram","BAL","RB",46,79.8,12.8,122,23,31.2,4,41,29,42.5,,,,,10.3,57,14,19.8,4.1,25,2019-09-13
"Devonta Freeman","ATL","RB",31,52.8,13,92,13,21.9,4.1,34,26,42.8,,,,,11.1,57,13,20.3,4.4,25,2019-09-13
"Derrick Henry","TEN","RB",34,53.3,7.5,96,10,21.2,3.4,31,40,43.8,,,,,4.3,51,19,21.3,1.8,24,2019-09-13
"Damien Williams","KCC","RB",28,66.3,15.4,110,14,26.2,5,41,37,44.5,,,,,6.1,51,17,20.8,2.9,24,2019-09-13
"Julian Edelman","NEP","WR",38,98.3,27.8,166,16,43.6,10.7,68,28,44.8,,,,,10.2,53,13,19.8,4.1,23,2019-09-13
"Sammy Watkins","KCC","WR",43,74.6,20.8,154,20,31.5,6.5,55,27,46,,,,,11.9,56,12,20.5,5.3,25,2019-09-13
"Cooper Kupp","LAR","WR",27,42.3,6.8,126,13,20.6,3.8,37,32,46.3,,,,,11.1,63,16,20.5,4.2,27,2019-09-13
"Kerryon Johnson","DET","RB",21,29.8,5.5,45,11,13.5,1.9,22,33,47,,,,,11.5,64,15,21.5,4.7,28,2019-09-13
"Sony Michel","NEP","RB",20,44.9,9,82,11,17.9,2.6,31,37,47.5,,,,,9.1,61,17,22,3.6,27,2019-09-13
"Evan Engram","NYG","TE",27,58.4,8.8,81,3,4.9,0.8,11,48,48,,,,,0,48,4,4,0,4,2019-09-13
"Kenny Golladay","DET","WR",18,32.1,7.1,47,10,15.7,2.8,23,32,49.5,,,,,10.2,58,16,22.5,3.8,26,2019-09-13
"Antonio Brown","NEP","WR",14,25.9,6.2,40,7,13.6,3.9,25,22,50.5,,,,,34.9,110,10,21.8,13.7,45,2019-09-13
"Alshon Jeffery","PHI","WR",44,76.1,15.5,146,18,36.4,8,56,43,50.5,,,,,5.9,58,18,22.3,3,26,2019-09-13
"Calvin Ridley","ATL","WR",29,45.3,10,80,15,19.4,3.9,28,45,51,,,,,4.3,56,20,22.8,1.9,25,2019-09-13
"OJ Howard","TBB","TE",21,53,10.1,70,2,4.3,0.9,6,52,54.3,,,,,1.3,55,5,5.8,0.4,6,2019-09-13
"Tyler Boyd","CIN","WR",33,60.6,17.7,143,20,28.1,5.1,46,39,54.5,,,,,13.1,74,17,23.5,4.9,30,2019-09-13
"Tyler Lockett","SEA","WR",26,63.1,18.2,135,13,27.7,5.9,52,47,56.3,,,,,11.6,76,21,24.3,4,31,2019-09-13
"Tyreek Hill","KCC","WR",4,18.8,9.5,248,1,8,2.9,90,32,57,,,,,21.5,89,16,24.8,8.1,37,2019-09-13
"Phillip Lindsay","DEN","RB",32,62.7,11.5,93,15,24.2,3.5,34,50,57.3,,,,,7.3,68,23,25.8,2.7,30,2019-09-13
"Deshaun Watson","HOU","QB",30,47.3,6.9,63,2,2.3,0.4,4,59,59,,,,,0,59,2,2,0,2,2019-09-13
"Matt Breida","SFO","RB",71,119.5,20.5,179,28,41.2,4.7,56,38,60.5,,,,,13.2,71,18,27.3,5.4,32,2019-09-13
"Duke Johnson","HOU","RB",55,108.3,24.2,271,21,37.6,7.5,76,46,60.8,,,,,10.3,75,22,27.8,4.7,35,2019-09-13
"DJ Moore","CAR","WR",16,34.4,8.8,77,9,16.6,3.9,30,44,61.8,,,,,11,74,19,26,4.2,30,2019-09-13
"Aaron Rodgers","GBP","QB",42,65.5,13.7,112,2,4.9,1.7,12,62,62,,,,,0,62,3,3,0,3,2019-09-13
"Miles Sanders","PHI","RB",34,52.9,15.4,122,11,21.8,5.9,44,60,62.5,1,2.8,1,9,2.1,65,26,27.5,1.1,29,2019-09-13
"Latavius Murray","NOS","RB",70,121.4,21.2,166,27,42.3,5.8,66,41,62.8,,,,,12.6,72,20,28.5,5,33,2019-09-13
"Larry Fitzgerald","ARI","WR",99,163.4,21.3,231,41,68.8,9,96,49,65.5,,,,,14.6,80,22,27.8,5.3,33,2019-09-13
"David Montgomery","CHI","RB",23,45.7,12.2,102,12,19.6,4.9,34,57,67.3,1,2.5,0.8,7,6,72,25,30,3,33,2019-09-13
"AJ Green","CIN","WR",23,47.4,18.3,93,9,22.8,7.2,46,43,68.3,,,,,20.9,101,18,28.8,8.6,42,2019-09-13
"Josh Gordon","NEP","WR",64,140.3,67.6,378,28,57.8,24.3,132,66,71.5,,,,,5.3,79,28,29.8,1.5,32,2019-09-13
"Tarik Cohen","CHI","RB",50,72.8,11,143,22,29.3,4.6,51,64,71.8,,,,,7.8,83,28,32.5,4.2,38,2019-09-13
"LeSean McCoy","KCC","RB",89,167.7,36.2,285,35,53.5,8.4,85,60,72.5,,,,,10.6,83,26,32.5,5.5,38,2019-09-13
"Kenyan Drake","MIA","RB",54,84.2,17.7,133,22,32,5.6,55,71,73.3,,,,,2.9,78,32,33.8,2,37,2019-09-13
"Jarvis Landry","CLE","WR",41,64.6,16.9,127,21,28.5,4,50,67,74.8,,,,,4.9,79,29,30.8,1.3,32,2019-09-13
"Devin Singletary","BUF","RB",46,112.1,31,199,21,39.3,8.1,63,65,79.3,4,13.1,4.7,23,18.5,111,29,34.3,6.3,45,2019-09-13
"Mike Williams","LAC","WR",29,50.1,11.6,123,14,23.8,4.8,37,44,80.3,,,,,31.5,130,19,33.3,12,52,2019-09-13
"Matt Ryan","ATL","QB",60,103.7,21.9,183,6,10.8,2.6,18,69,80.5,,,,,6.7,85,4,5,0.7,6,2019-09-13
"Baker Mayfield","CLE","QB",31,49.8,5.2,62,2,3.2,1,9,69,81,,,,,12.2,96,4,5.8,1.8,8,2019-09-13
"Malcolm Brown","LAR","RB",108,220.4,57.2,374,41,68.9,13.3,99,72,81.5,,,,,12,102,33,36.5,3.4,42,2019-09-13
"David Njoku","CLE","TE",34,75.2,11.2,116,5,7.5,1.2,12,52,84,,,,,22.7,116,5,7.8,2.2,11,2019-09-13
"Melvin Gordon","LAC","RB",8,20,6.3,40,5,9.4,2.3,17,46,85,,,,,29.8,127,22,36,9.9,49,2019-09-13
"Tyrell Williams","OAK","WR",77,139.3,28.9,200,32,62.6,10.8,87,58,86.3,,,,,16.6,101,26,36,6,42,2019-09-13
"Royce Freeman","DEN","RB",51,92.9,13,127,25,34.5,4.1,42,77,86.5,,,,,7,95,36,38.3,1.5,40,2019-09-13
"Chris Thompson","WAS","RB",133,189.4,28.2,250,44,61.9,8.6,81,77,86.8,,,,,15.7,114,36,39,4.1,46,2019-09-13
"Sterling Shepard","NYG","WR",63,96.3,20.7,159,25,43.3,7.1,62,76,87,,,,,13.1,108,31,35.3,4.9,43,2019-09-13
"Curtis Samuel","CAR","WR",51,92.3,19.2,155,23,39,6.7,102,76,87.8,,,,,8.5,100,31,35.8,3.6,41,2019-09-13
"Will Fuller","HOU","WR",40,73.7,11.7,140,21,34.2,5.1,51,81,88,,,,,5.7,97,34,36,2.3,40,2019-09-13
"DeSean Jackson","PHI","WR",112,164.6,27.5,235,39,68,13.1,101,66,88.3,,,,,13.6,101,28,36.8,5.4,42,2019-09-13
"Rashaad Penny","SEA","RB",44,70.9,12.5,114,19,27.3,4.1,35,73,91.3,,,,,18.5,118,34,39.3,5.2,47,2019-09-13
"Lamar Jackson","BAL","QB",38,106.7,20.1,161,4,12,3.7,20,84,92,,,,,5.5,98,5,7.3,1.5,9,2019-09-13
"Carson Wentz","PHI","QB",37,72.6,13.9,108,3,5.8,1.8,10,84,92.5,,,,,5.9,98,5,7.5,1.7,9,2019-09-13
"Jared Goff","LAR","QB",54,86.3,13.4,119,4,7.7,2,24,85,93,,,,,11.2,112,6,7.8,2.5,12,2019-09-13
"Marvin Jones","DET","WR",74,105.3,20.9,171,31,45.9,6.6,69,89,94.3,,,,,3.9,100,37,39,1.4,41,2019-09-13
"Tom Brady","NEP","QB",118,167.2,32.6,257,19,23.4,1.7,27,69,94.5,,,,,15.1,107,4,8.5,2.7,11,2019-09-13
"Austin Hooper","ATL","TE",94,125.5,14.3,157,8,12.5,1.9,26,86,96,,,,,14.1,120,8,9.3,1.6,12,2019-09-13
"Robby Anderson","NYJ","WR",46,87,18.5,142,22,37.6,8.1,59,89,96.5,,,,,4.5,100,37,39.8,1.6,41,2019-09-13
"Adrian Peterson","WAS","RB",137,215.7,41.7,346,48,67.5,9.7,90,78,96.5,,,,,13,111,37,41.3,3.3,45,2019-09-13
"Marquez Valdes-Scantling","GBP","WR",52,129.1,21.4,176,26,53.2,7,70,81,96.8,,,,,15.1,121,34,39.5,5.4,48,2019-09-13
"TJ Hockenson","DET","TE",64,91.8,24,195,5,8.8,3.5,24,52,97.3,6,8.9,2.4,28,31.4,135,5,9.3,3,13,2019-09-13
"Ronald Jones","TBB","RB",82,129.7,33.2,269,33,43.4,4.8,69,73,97.3,,,,,16.5,119,34,41,5,48,2019-09-13
"Corey Davis","TEN","WR",37,54.5,12.6,108,14,25.3,5.1,44,67,97.3,,,,,24.1,126,29,39.8,8.6,50,2019-09-13
"Dede Westbrook","JAC","WR",54,93.7,16,134,26,43.1,7.2,83,93,97.8,,,,,7.1,110,38,40.3,2.8,45,2019-09-13
"Emmanuel Sanders","DEN","WR",106,154.5,23.9,209,37,61.6,10.8,84,81,98.3,,,,,14.5,115,34,40,5.5,46,2019-09-13
"Hunter Henry","LAC","TE",41,69.1,11,99,4,6,1.2,14,52,98.8,,,,,45.3,144,5,10.3,4.8,15,2019-09-13
"Tevin Coleman","SFO","RB",57,77.6,12.9,122,23,30.2,3.5,40,68,100.5,,,,,26,140,30,41.3,8.3,53,2019-09-13
"Vance McDonald","PIT","TE",62,136.8,27.2,185,7,15.6,4,29,82,103.5,,,,,19.9,135,7,9.8,2.2,13,2019-09-13
"Delanie Walker","TEN","TE",118,208.6,30.8,253,13,26.1,3.5,33,82,103.5,,,,,16.9,120,7,10,2.1,12,2019-09-13
"Michael Gallup","DAL","WR",55,102.8,20,154,30,46.3,6.4,80,88,105.3,,,,,13,124,36,42.5,4.6,49,2019-09-13
"Jamison Crowder","NYJ","WR",100,160.4,22.6,219,46,67.6,10.1,91,80,105.3,,,,,15.9,124,33,42.3,5.8,49,2019-09-13
"Cam Newton","CAR","QB",47,97.5,18.4,159,5,9.6,2,19,85,106,,,,,13.9,123,6,10.8,3.3,15,2019-09-13
"Carlos Hyde","HOU","RB",110,186,42.3,313,47,63.9,10.3,92,77,106.3,,,,,22.4,140,36,43.8,6.1,53,2019-09-13
"Russell Wilson","SEA","QB",49,77.2,16.5,152,4,6.5,1.8,15,96,107.5,,,,,12.3,125,8,11.3,3.4,16,2019-09-13
"Christian Kirk","ARI","WR",47,70,17.2,139,17,30,4,49,109,110.8,,,,,2.5,115,44,44.8,0.8,46,2019-09-13
"Darren Waller","OAK","TE",124,204.5,64.2,409,9,27.3,9,53,82,111.3,,,,,26.8,151,7,11,3.4,16,2019-09-13
"Dion Lewis","TEN","RB",115,150.2,19.5,212,39,51.5,5.4,74,99,112,,,,,13.9,132,41,45,4.2,51,2019-09-13
"Derrius Guice","WAS","RB",23,56.9,12.4,88,12,22,4.2,35,95,112,,,,,17.6,140,40,45,5.1,53,2019-09-13
"Kyler Murray","ARI","QB",39,89.1,15.5,133,4,8.5,2.2,22,104,113,1,10,4.3,19,9,122,10,12,2,14,2019-09-13
"Mike Davis","CHI","RB",107,184.7,27.3,232,42,63.4,7.5,98,91,114,,,,,14.8,127,39,45.5,4.1,49,2019-09-13
"Drew Brees","NOS","QB",91,143.8,27.8,205,9,19.4,2.4,25,112,115,,,,,4.6,123,12,13,1.2,15,2019-09-13
"John Brown","BUF","WR",102,142,21.4,203,42,60,8.9,84,79,115.5,,,,,21.8,136,32,46.5,8.9,56,2019-09-13
"Dak Prescott","DAL","QB",53,101.8,18.4,154,5,10.9,2.5,22,107,116.3,,,,,6.6,123,11,13.3,1.5,15,2019-09-13
"Jameis Winston","TBB","QB",61,112.6,22.8,170,6,12.7,2.5,19,107,117.5,,,,,14.9,143,11,13,2.4,17,2019-09-13
"Giovani Bernard","CIN","RB",132,192.5,37.9,325,41,60.7,8.2,79,73,118.3,,,,,33.3,160,34,46.8,9.5,59,2019-09-13
"Justin Jackson","LAC","RB",119,197.6,35.6,271,40,65.3,11.3,96,103,120.8,,,,,22.5,158,43,48,6.1,58,2019-09-13
"John Ross","CIN","WR",105,183.9,26.2,239,47,78.7,11.8,114,117,121.3,,,,,5.3,130,47,48.5,2.1,52,2019-09-13
"Jared Cook","NOS","TE",73,142.1,23.7,191,8,15.4,2.8,20,105,122.3,,,,,17.5,144,10,12,2.1,15,2019-09-13
"Golden Tate","NYG","WR",96,129.4,16.3,168,31,55.6,6.8,71,108,126.5,,,,,10.9,136,43,51.3,4.9,56,2019-09-13
"Mark Andrews","BAL","TE",77,131.1,30.3,221,7,13.3,2.9,26,105,126.8,,,,,16.7,144,10,12.5,2.1,15,2019-09-13
"Marquise Brown","BAL","WR",65,106.8,24.6,177,24,47.1,10.2,72,115,128.5,5,11.4,3.9,27,9.1,139,46,52.3,4.6,58,2019-09-13
"Justice Hill","BAL","RB",62,113.1,30,227,26,38.9,8.5,67,119,130.8,5,12.3,4,30,7.5,140,48,50.8,1.8,53,2019-09-13
"DK Metcalf","SEA","WR",57,91.2,24.9,157,23,37.9,8.1,61,124,131.3,2,6.9,2.6,14,10.4,149,49,52.5,5,61,2019-09-13
"Philip Rivers","LAC","QB",102,154,30.5,234,13,21.8,2.5,31,123,133.5,,,,,9.5,143,15,16.3,0.8,17,2019-09-13
"Peyton Barber","TBB","RB",101,178.5,30.1,231,34,60.1,7.4,81,114,135.5,,,,,15.7,158,46,51.8,4.3,58,2019-09-13
"Jimmy Graham","GBP","TE",176,211.2,18.3,247,21,26.5,3.5,34,116,136,,,,,12.9,151,11,13.5,1.8,16,2019-09-13
"Geronimo Allison","GBP","WR",86,147.1,26,186,33,60.2,10.8,83,117,138,,,,,13.1,149,47,56.5,5.7,61,2019-09-13
"Courtland Sutton","DEN","WR",43,79.5,17.9,130,21,35.2,5.8,54,93,138.3,,,,,36.7,195,38,53.5,10.8,68,2019-09-13
"Kalen Ballage","MIA","RB",75,153.9,26.2,202,30,51.4,7.1,84,106,139.3,,,,,38.5,200,44,52.3,9.1,66,2019-09-13
"Ben Roethlisberger","PIT","QB",95,155.8,34.1,239,11,21.4,3,28,122,141.8,,,,,18.6,165,14,17.8,3,22,2019-09-13
"Keke Coutee","HOU","WR",58,115.2,22.3,172,26,52.3,8.6,82,109,142,,,,,32,195,44,54.8,8.6,68,2019-09-13
"Kirk Cousins","MIN","QB",80,124.2,20.3,189,11,15.7,2.3,22,125,142.3,,,,,10.9,155,16,17.5,1.1,19,2019-09-13
"Devante Parker","MIA","WR",109,161.8,16.7,205,46,70.2,8.9,86,126,143,,,,,15.3,166,50,57.3,6,66,2019-09-13
"James Washington","PIT","WR",73,113.6,23.9,176,32,48.8,6.7,66,136,143,,,,,6.7,152,56,58.5,2.3,62,2019-09-13
"CJ Anderson","DET","RB",137,196.9,21.1,245,49,66.6,9.4,90,111,143.8,,,,,34.8,200,45,53.5,8.1,66,2019-09-13
"Jordan Howard","PHI","RB",76,125.1,22.9,181,31,43,5.4,59,118,143.8,,,,,20.8,168,47,54.8,6.5,63,2019-09-13
"Alexander Mattison","MIN","RB",75,163.1,34.3,270,36,52,7.7,76,129,148.3,17,24.4,3,43,15.1,164,50,56.3,5.3,62,2019-09-13
"Jaylen Samuels","PIT","RB",106,140.6,22.1,192,36,48.1,5.6,84,118,150.3,,,,,18.6,162,47,56.8,5.7,61,2019-09-13
"Tony Pollard","DAL","RB",86,176.2,62.3,386,33,53.9,14.8,108,141,150.5,15,27.7,8.1,46,7.1,161,54,56.5,2.2,60,2019-09-13
"Danny Amendola","DET","WR",224,268.1,18.8,284,89,115.6,13.6,140,139,151,,,,,8.7,163,58,61.5,2.7,65,2019-09-13
"Josh Allen","BUF","QB",68,138.9,25.1,197,12,18,1.9,27,146,152,,,,,6,159,18,19.3,1.3,21,2019-09-13
"Mohamed Sanu","ATL","WR",137,209.9,28.2,262,48,90.7,11.4,113,133,154.8,,,,,25.5,196,54,60.5,6.3,69,2019-09-13
"Rex Burkhead","NEP","RB",185,226.1,27.4,295,58,73.1,7.3,94,127,156.8,,,,,26.4,197,49,57.3,6.2,65,2019-09-13
"Mitch Trubisky","CHI","QB",84,118.6,24.1,194,6,14.6,2.6,20,146,158.8,,,,,8.8,167,18,20.8,2.3,23,2019-09-13
"DJ Chark","JAC","WR",101,182.3,27.2,249,37,80.8,10.8,101,133,160.5,,,,,23.1,195,54,62,5.5,68,2019-09-13
"Donte Moncrief","PIT","WR",113,157.5,18.3,197,40,63.6,5.9,88,134,161.8,,,,,32.9,218,55,62.3,7.6,75,2019-09-13
"Jalen Richard","OAK","RB",125,194.5,35.3,278,40,63.7,8.3,87,103,162,,,,,42.5,223,43,58.8,10.4,72,2019-09-13
"Darren Sproles","PHI","RB",333,360.5,27.5,388,80,106.1,10.2,125,129,163.3,,,,,26.3,193,50,59,6.4,64,2019-09-13
"Darrell Henderson","LAR","RB",56,101.7,29.9,170,20,36.6,12.7,82,145,166.8,4,10.2,3.6,17,24.8,208,55,60.3,5.2,68,2019-09-13
"Anthony Miller","CHI","WR",66,99.6,21.3,154,25,43.7,6.6,68,117,167.8,,,,,49.8,231,47,61,13.9,79,2019-09-13
"Dante Pettis","SFO","WR",52,86,18.2,144,25,38.4,6.4,73,130,167.8,,,,,38.6,217,52,61.3,9.6,74,2019-09-13
"Albert Wilson","MIA","WR",113,181.4,25.3,246,46,80.8,14,116,139,168.3,,,,,29.2,216,58,64.8,5.5,73,2019-09-13
"Chicago","CHI","DST",139,217.4,40.2,301,1,1,0,3,169,169,,,,,0,169,,,,,2019-09-13
"Matthew Stafford","DET","QB",113,149.7,26.4,217,12,19.9,2.3,27,157,170,,,,,17,199,20,22,1.9,25,2019-09-13
"Frank Gore","BUF","RB",209,285,12.2,300,64,90.6,12,119,153,170.8,,,,,27.9,219,57,60.8,5.9,71,2019-09-13
"Terry McLaurin","WAS","WR",94,175.6,41.8,339,46,75,19.2,129,128,170.8,13,25.2,5.9,42,44.5,231,51,62.3,11.7,78,2019-09-13
"Jimmy Garoppolo","SFO","QB",81,127.7,23.6,183,10,15.5,1.8,23,157,171.8,,,,,20,206,20,22.3,2.3,26,2019-09-13
"Minnesota","MIN","DST",144,225.1,30.9,262,3,5,2.1,10,170,172,,,,,1.6,174,,,,,2019-09-13
"Jacksonville","JAC","DST",151,203.7,32,253,2,2.8,1,10,170,173,,,,,2.1,175,,,,,2019-09-13
"New England","NEP","DST",212,242.3,43,316,11,15.6,1.7,17,170,173,,,,,2.2,176,,,,,2019-09-13
"Nyheim Hines","IND","RB",92,131.5,16.5,165,37,47.2,5.3,67,129,173.3,,,,,40.8,225,50,60.5,9.8,73,2019-09-13
"Los Angeles","LAR","DST",174,242.4,37.9,289,2,5.2,1.2,6,170,173.8,,,,,2.6,177,,,,,2019-09-13
"Dare Ogunbowale","TBB","RB",167,251.1,56,365,60,78.8,8,92,141,173.8,,,,,24.4,201,54,61,4.9,67,2019-09-13
"Los Angeles","LAC","DST",145,243.3,41.1,280,2,7.4,2.3,11,171,174.3,,,,,2.9,179,,,,,2019-09-13
"Ty Montgomery","NYJ","RB",185,255.3,49.7,380,48,77.4,11.9,103,153,174.3,,,,,20.4,208,57,62.8,3.9,68,2019-09-13
"Trey Quinn","WAS","WR",156,198.5,20.5,252,62,87.7,12.3,120,152,175.5,,,,,33.5,233,62,67.3,6.9,79,2019-09-13
"Cleveland","CLE","DST",162,223.6,59.6,296,3,10.4,4,14,172,175.8,,,,,2.5,178,,,,,2019-09-13
"New Orleans","NOS","DST",195,257,37.9,295,7,9.4,1.7,15,173,176,,,,,1.9,178,,,,,2019-09-13
"Andy Dalton","CIN","QB",122,205,37.8,275,25,29,2.1,34,157,178,,,,,20,198,20,22.3,1.8,24,2019-09-13
"Damien Harris","NEP","RB",56,114.1,23.1,215,20,39.4,7.9,66,153,178,10,16.7,3,25,29.2,219,57,63,5.9,71,2019-09-13
"Greg Zuerlein","LAR","K",169,243.9,31,281,1,2.3,0.5,7,181,181.3,,,,,0.4,182,,,,,2019-09-13
"Harrison Butker","KCC","K",179,255.7,33.9,302,1,5.8,3.6,14,181,183,,,,,1.4,185,,,,,2019-09-13
"Justin Tucker","BAL","K",157,218.3,27.1,263,1,1.2,0.4,3,182,183.3,,,,,1.3,185,,,,,2019-09-13
"Stephen Gostkowski","NEP","K",186,240.7,21.2,261,2,3.2,0.9,7,182,183.3,,,,,0.8,184,,,,,2019-09-13
"Sam Darnold","NYJ","QB",90,122.8,21.8,172,9,15.4,3.2,23,155,184,,,,,24.1,215,19,23.5,3,27,2019-09-13
"Wil Lutz","NOS","K",198,262.5,27.2,291,5,5.8,0.9,15,183,184.3,,,,,0.8,185,,,,,2019-09-13
"Baltimore","BAL","DST",182,257.5,32.7,305,1,8.8,2.6,12,171,185,,,,,20.4,220,,,,,2019-09-13
"Ted Ginn","NOS","WR",210,252.2,19.7,284,81,105.3,10.9,135,134,185.5,,,,,31.2,218,55,66.5,7.3,75,2019-09-13
"AJ Brown","TEN","WR",44,91.5,29.2,173,22,39.9,10.5,70,147,185.5,3,7.9,2.5,16,61,291,59,71,17.4,101,2019-09-13
"Kaimi Fairbairn","HOU","K",217,237.3,14.8,252,4,11.7,5.9,27,186,186.5,,,,,0.5,187,,,,,2019-09-13
"Kaare Vedvik",,"K",,,,,16,22,6,28,187,187,,,,,0,187,,,,,2019-09-13
"Ito Smith","ATL","RB",84,160.7,48.2,315,39,52.1,10,92,150,188.5,,,,,23.6,214,56,63.8,5,70,2019-09-13
"Mason Crosby","GBP","K",208,249.8,36.9,317,4,7.3,1.7,11,188,189,,,,,1.2,191,,,,,2019-09-13
"Jake Elliott","PHI","K",229,241.5,9.7,254,3,12.8,4.2,20,188,189,,,,,0.7,190,,,,,2019-09-13
"Brett Maher","DAL","K",235,252,12.6,265,9,13.3,2.9,17,187,189.8,,,,,1.8,192,,,,,2019-09-13
"Trey Burton","CHI","TE",85,134.5,19.5,186,10,16.1,2.8,23,142,190.8,,,,,28.3,211,14,17.3,1.9,19,2019-09-13
"Adam Humphries","TEN","WR",148,186.3,21.7,232,59,82.9,10.5,99,137,191,,,,,45.9,238,57,70.5,10.7,81,2019-09-13
"Cairo Santos","TEN","K",260,316.7,48.3,378,12,19.7,5.1,30,192,192,,,,,0,192,,,,,2019-09-13
"Chase Edmonds","ARI","RB",109,191.6,54.5,371,39,63.8,11.7,98,161,192.8,,,,,31.8,226,60,66.5,6.5,74,2019-09-13
"Buffalo","BUF","DST",204,239.5,44,314,13,16,1.7,18,174,193.5,,,,,18.5,212,,,,,2019-09-13
"Houston","HOU","DST",153,242.9,42.9,286,3,5.6,1.5,10,179,194.8,,,,,15.4,213,,,,,2019-09-13
"Darwin Thompson","KCC","RB",79,161.1,51.6,341,30,50.8,11.9,94,141,195.3,8,25.2,5.3,34,32.6,226,54,66,7.5,74,2019-09-13
"Dallas","DAL","DST",192,231.5,48.1,313,8,13.4,5.3,23,176,195.5,,,,,30.9,249,,,,,2019-09-13
"Jamaal Williams","GBP","RB",112,187.8,31.1,260,45,63.1,10,98,164,196,,,,,22.1,226,62,66.8,4.5,74,2019-09-13
"Jacoby Brissett","IND","QB",105,232.6,64.1,404,19,29.7,4.7,40,165,196,,,,,18.9,215,22,24.8,1.9,27,2019-09-13
"Derek Carr","OAK","QB",113,173.7,37.7,259,18,25.2,2.8,31,167,196.5,,,,,18.1,215,23,25,1.6,27,2019-09-13
"Raheem Mostert","SFO","RB",235,353.5,118.5,472,74,104.8,19.7,134,114,196.5,,,,,51.3,253,46,66.8,13.7,84,2019-09-13
"Mecole Hardman","KCC","WR",91,133.6,28.3,207,41,56.2,9.4,84,139,198.3,11,18.5,4.6,32,38,242,58,70.8,9.1,83,2019-09-13
"TreQuan Smith","NOS","WR",82,130.2,24.3,182,41,58.9,6.2,80,156,198.5,,,,,24.8,218,64,70.8,4.1,75,2019-09-13
"Gus Edwards","BAL","RB",149,227.4,30.1,286,55,74.6,9.3,92,145,199.5,,,,,32.4,230,55,67.5,7.7,76,2019-09-13
"Eric Ebron","IND","TE",77,113.1,22.3,170,8,12.3,3,22,142,200,,,,,35,233,14,18,2.7,21,2019-09-13
"Denver","DEN","DST",158,248.8,27.9,279,2,5,2.4,13,172,201.8,,,,,27,236,,,,,2019-09-13
"Marcus Mariota","TEN","QB",109,187,34.6,266,19,26,3.2,34,199,204.8,,,,,6.6,215,25,25.8,0.8,27,2019-09-13
"Robbie Gould","SFO","K",239,245.3,8.3,257,10,14,4,20,186,205.5,,,,,27.5,253,,,,,2019-09-13
"Randall Cobb","DAL","WR",177,224.3,41.4,330,68,90.7,14.3,123,154,206.8,,,,,51.7,281,63,75.8,13.9,98,2019-09-13
"Matt Bryant","ATL","K",235,302.3,58.2,377,12,17.7,4.5,25,188,207,,,,,30,259,,,,,2019-09-13
"Seattle","SEA","DST",194,281,39.2,355,7,15.4,2.6,19,180,208.3,,,,,16.6,220,,,,,2019-09-13
"DeAndre Washington","OAK","RB",274,375,101,476,65,100.6,17.6,135,209,209,,,,,0,209,69,69,0,69,2019-09-13
"Marquise Goodwin","SFO","WR",100,175.6,24.2,251,42,78.1,10.3,97,202,209,,,,,8.2,222,70,72,2.4,76,2019-09-13
"Jordan Reed","WAS","TE",100,181.5,23.2,240,16,23.5,3.8,31,151,210.5,,,,,38,246,16,19.3,2.8,22,2019-09-13
"Kenny Stills","HOU","WR",124,166.2,25.8,245,51,71.6,8.8,97,136,211.5,,,,,45.9,257,56,74.5,11.7,86,2019-09-13
"Ryquell Armstead","JAC","RB",125,203.6,34.4,283,44,65.5,7.2,80,197,212,23,34.8,5.5,53,15,227,65,70,5,75,2019-09-13
"Philadelphia","PHI","DST",218,278.1,38.6,353,8,9.6,1.6,17,177,212.5,,,,,44.6,287,,,,,2019-09-13
"Kareem Hunt","CLE","RB",29,83,25.3,203,15,31.9,8.5,64,201,214.3,,,,,10.1,225,67,70,2.5,73,2019-09-13
"TJ Yeldon","BUF","RB",124,200.3,45.5,310,51,67,10.3,95,209,215.3,,,,,5.8,223,69,70.3,1.2,72,2019-09-13
"Dontrell Hilliard","CLE","RB",210,273.3,41.2,328,59,86.4,12.1,107,208,215.3,,,,,7.1,225,68,70.3,1.9,73,2019-09-13
"Rashard Higgins","CLE","WR",102,220.2,43.6,298,68,91,12.2,118,202,215.8,,,,,11.8,234,70,74,3.7,80,2019-09-13
"Preston Williams","MIA","WR",117,204.2,32.2,249,38,83.9,10.7,101,152,216.3,14,34.8,9.8,58,59.1,282,62,78.8,15.4,96,2019-09-13
"Paul Richardson","WAS","WR",171,240.5,20.1,268,64,101.3,8.5,120,156,217.5,,,,,38.1,260,64,77.3,9,89,2019-09-13
"Matt Prater","DET","K",214,267.4,28,303,6,9.2,2,19,186,219.3,,,,,30.5,254,,,,,2019-09-13
"Cole Beasley","BUF","WR",157,262.1,34.4,294,60,113.4,15.3,150,149,220,,,,,63.5,296,61,81,17.9,103,2019-09-13
"Chris Conley","JAC","WR",184,256,32,305,70,103.9,12.4,123,131,220.3,,,,,52.5,266,53,77.3,14.3,90,2019-09-13
"Greg Olsen","CAR","TE",140,227,45.6,344,16,30.2,4.8,40,151,220.5,,,,,44.9,264,16,20.5,3.2,24,2019-09-13
"Willie Snead","BAL","WR",149,231.8,30.9,274,54,98.4,12.9,138,194,221,,,,,30.2,267,67,75.5,9.8,91,2019-09-13
"Joe Flacco","DEN","QB",137,252.3,36.9,303,28,33.2,2.5,39,224,225,,,,,1.7,228,28,28.3,0.4,29,2019-09-13
"Tennessee","TEN","DST",135,253.2,71.4,352,16,18.4,2.2,29,207,225,,,,,15.4,244,,,,,2019-09-13
"Kyle Rudolph","MIN","TE",83,178.2,22.9,234,13,20.8,3.6,31,204,225.8,,,,,28.7,274,17,19.8,3.3,25,2019-09-13
"Hunter Renfrow","OAK","WR",186,269.2,49,393,76,106,14.4,137,216,226.7,26,45.5,6.4,56,7.6,233,73,76.7,2.6,79,2019-09-13
"Brian Hill","ATL","RB",170,282.9,64.5,445,53,86.8,19.2,125,226,230,,,,,5,237,74,75.7,1.7,78,2019-09-13
"Cody Latimer","NYG","WR",216,317.6,69.2,434,96,136,12.1,148,230,230,,,,,0,230,78,78,0,78,2019-09-13
"Michael Crabtree","ARI","WR",173,271.7,43.5,331,68,110.8,14.5,140,203,232,,,,,25,264,71,78.7,7,88,2019-09-13
"Nelson Agholor","PHI","WR",119,194.8,25.6,269,45,86.2,10.5,113,203,234,,,,,25.3,265,71,80,7.3,89,2019-09-13
"Mike Boone","MIN","RB",246,317.2,55.8,398,74,92.5,10.9,111,225,234.3,,,,,6.6,239,73,77,2.8,79,2019-09-13
"Damiere Byrd","ARI","WR",,,,,,,,,236,236,,,,,0,236,82,82,0,82,2019-09-13
"CJ Prosise","SEA","RB",335,335,0,335,88,107.5,11.3,142,232,238.3,,,,,9,251,77,78.7,2.4,82,2019-09-13
"Ryan Fitzpatrick","MIA","QB",145,279,18.1,318,31,37,3.2,44,228,239.3,,,,,6.5,244,29,30.5,1.1,32,2019-09-13
"Gardner Minshew","JAC","QB",148,255.7,80.4,341,32,45.9,6.4,59,228,239.7,45,60.3,11.9,79,8.3,247,29,30.7,1.2,32,2019-09-13
"Tyler Eifert","CIN","TE",141,239.6,46.5,347,17,31.2,4.3,40,221,240,,,,,25.5,283,20,22,2.9,27,2019-09-13
"Wayne Gallman","NYG","RB",266,308.2,15,320,62,94.8,10.6,120,227,240,,,,,16.3,263,75,79.7,5.9,88,2019-09-13
"Zay Jones","BUF","WR",129,182.7,29.7,267,50,80.8,15.6,130,196,240.7,,,,,31.7,266,69,81.7,9.1,90,2019-09-13
"Chris Herndon","NYJ","TE",93,133.4,14.9,182,8,14.1,2.2,19,211,241.5,,,,,27,285,19,21.8,2.6,26,2019-09-13
"Jordan Wilkins","IND","RB",197,256.4,37.9,359,64,81.2,7.4,96,237,241.7,,,,,6.6,251,78,79.3,1.9,82,2019-09-13
"KeeSean Johnson","ARI","WR",128,214.3,61.5,427,39,84.5,19.5,145,203,242.3,17,32.8,7.6,50,29.8,287,71,83,9.7,98,2019-09-13
"Phillip Dorsett","NEP","WR",181,243.7,25,287,81,103.4,14.4,153,203,242.5,,,,,23.2,259,71,82.5,6.7,88,2019-09-13
"Eli Manning","NYG","QB",150,277.1,25.6,317,30,37.7,3.1,45,238,242.8,,,,,3.2,247,30,30.5,0.9,32,2019-09-13
"Jason Myers","SEA","K",254,256.5,2.5,259,12,14.7,2.5,18,191,242.8,,,,,32.4,280,,,,,2019-09-13
"DaeSean Hamilton","DEN","WR",87,144,16.6,197,39,59,6.3,90,231,244.7,,,,,11,258,78,83,3.7,87,2019-09-13
"Theo Riddick","DEN","RB",230,278.5,39.3,382,67,83.9,10.1,104,232,245,,,,,9.2,252,77,80.7,2.6,83,2019-09-13
"Green Bay","GBP","DST",193,236.3,34.3,277,9,19.6,3,24,180,245.3,,,,,52.6,297,,,,,2019-09-13
"Dallas Goedert","PHI","TE",68,111.7,18.4,153,7,11.2,3,23,211,245.8,,,,,21.5,269,19,22.3,1.9,24,2019-09-13
"Nick Foles","JAC","QB",125,216.8,34.5,280,24,29.5,2.5,35,224,246,,,,,17.8,273,28,32,2.9,36,2019-09-13
"Benny Snell","PIT","RB",67,205.7,46,317,34,64.6,9.8,87,230,247.3,23,35.9,6.7,50,17.9,272,76,81.7,5.4,89,2019-09-13
"Devontae Booker","DEN","RB",248,296,30.4,346,72,92.9,12.3,125,240,249,,,,,9,258,80,83,3,86,2019-09-13
"Dexter Williams","GBP","RB",139,234.6,54.2,375,52,71.1,12,102,239,249,21,39,5.9,49,7.8,258,79,82,2.9,86,2019-09-13
"New York","NYJ","DST",173,282.3,78.5,354,18,21.2,3.2,27,212,249,,,,,32.8,301,,,,,2019-09-13
"Case Keenum","WAS","QB",232,281.1,22.1,324,32,38.2,3,46,228,249.8,,,,,15.6,270,29,32,2.1,34,2019-09-13
"Richie James","SFO","WR",331,407,76,483,128,155.3,21.4,186,250,250,,,,,0,250,87,87,0,87,2019-09-13
"Justin Hardy","ATL","WR",,,,,159,160.5,1.5,162,251,251,,,,,0,251,88,88,0,88,2019-09-13
"Elijah McGuire","CLE","RB",122,213.4,45,313,49,74.3,13,101,240,251.5,,,,,11.5,263,80,84,4,88,2019-09-13
"Devin Funchess","IND","WR",114,164.4,24.1,215,47,67.5,9.4,89,218,252.5,,,,,38.8,315,75,87.5,13.1,107,2019-09-13
"Jack Doyle","IND","TE",99,172,25.4,211,10,21.9,3.8,30,205,254,,,,,32.2,288,18,23.8,4.1,29,2019-09-13
"Bilal Powell","NYJ","RB",263,306,43,349,85,105.1,12.8,131,252,254.5,,,,,2.5,257,83,84,1,85,2019-09-13
"Josh Rosen","MIA","QB",131,197.1,32.1,264,23,28.6,2.2,34,243,255.3,,,,,15.6,282,33,33.5,0.9,35,2019-09-13
"Matt Gay","TBB","K",,,,,,,,,189,255.5,,,,,66.5,322,,,,,2019-09-13
"Deebo Samuel","SFO","WR",58,110.3,25.8,183,33,48.8,10,74,229,256,6,12.8,3.5,21,15.8,268,77,87.3,6.3,93,2019-09-13
"DErnest Johnson","CLE","RB",,,,,,,,,252,257,,,,,5,262,83,85,2,87,2019-09-13
"Corey Clement","PHI","RB",241,286.9,33.3,367,58,88.5,11.8,123,253,257.5,,,,,4.5,262,84,85.5,1.5,87,2019-09-13
"Noah Fant","DEN","TE",59,111.2,25.4,212,5,11.1,4,25,205,258,7,13.4,3.8,27,35.7,305,18,24,4.1,29,2019-09-13
"Josh Reynolds","LAR","WR",129,194.4,23.3,234,53,86.4,15.8,134,245,260,,,,,12.7,276,84,87.7,4.5,94,2019-09-13
"Ameer Abdullah","MIN","RB",285,313.5,28.5,342,80,102.5,13.6,140,250,261,,,,,11,272,81,85,4,89,2019-09-13
"Parris Campbell","IND","WR",75,110.5,27.1,215,32,47.7,10.1,69,256,261.3,5,11.4,4,20,4.5,267,85,87.7,2.5,91,2019-09-13
"Deon Cain","IND","WR",168,242.1,31.5,310,75,97,10.1,114,262,262,,,,,0,262,91,91,0,91,2019-09-13
"Carolina","CAR","DST",223,276.7,45.3,357,5,15.6,3.4,21,212,264,,,,,31.9,295,,,,,2019-09-13
"Miles Boykin","BAL","WR",85,170.4,38.8,333,40,70.9,13.1,115,233,264.5,16,24.1,4.1,42,28.1,294,79,91.3,10.1,104,2019-09-13
"Andy Isabella","ARI","WR",85,125.3,29.3,202,38,57.9,12.3,95,217,265.7,13,18,3.2,33,34.4,290,74,90.3,11.6,100,2019-09-13
"Mike Weber","DAL","RB",209,302.4,24.3,332,62,91.5,8.7,115,257,266,35,50.2,6.7,63,9,275,85,87.5,2.5,90,2019-09-13
"Michael Badgley","LAC","K",238,285.7,59.8,370,6,11.3,3.1,14,255,266,,,,,6.7,273,,,,,2019-09-13
"Dwayne Haskins","WAS","QB",103,183.9,33.2,261,16,24.7,3.2,31,247,266.3,12,28.3,5.5,45,13.2,283,32,34.8,1.6,36,2019-09-13
"David Moore","SEA","WR",142,211.3,19,243,67,90.5,6.7,106,254,267.3,,,,,10.1,277,90,92.8,2.3,95,2019-09-13
"Taylor Gabriel","CHI","WR",174,227.4,21,274,65,97.1,11.8,127,234,267.7,,,,,23.8,285,80,92,8.6,100,2019-09-13
"Marqise Lee","JAC","WR",132,206,29.4,267,57,87.3,10.8,105,241,269,,,,,23.3,298,82,93.5,8.4,102,2019-09-13
"John Kelly","LAR","RB",210,290.9,37.7,377,69,86,10.5,109,250,269.3,,,,,13.7,279,81,88.3,5.2,92,2019-09-13
"Daniel Jones","NYG","QB",121,221.8,43.4,362,20,28.1,3.6,36,262,269.5,22,34.9,6.4,51,7.2,281,34,34.5,0.5,35,2019-09-13
"Detroit","DET","DST",283,311.3,33.2,358,22,24.8,1,26,236,271,,,,,25,306,,,,,2019-09-13
"Diontae Johnson","PIT","WR",123,182.7,36.7,316,59,77.7,14.3,116,245,271,14,25.7,5,37,18.7,288,84,93.3,6.6,99,2019-09-13
"Jaron Brown","SEA","WR",243,296.5,50.3,380,95,129.1,18.9,159,238,274,,,,,37.7,326,81,103.8,18.8,131,2019-09-13
"Taysom Hill","NOS","QB",265,330.7,48.6,381,36,47.3,5.3,56,264,275.7,,,,,8.5,284,37,37.3,0.5,38,2019-09-13
"JJ Arcega-Whiteside","PHI","WR",61,117.3,39.3,262,34,50.3,11.8,94,260,277.3,7,13.3,4.3,23,17.9,302,86,95.3,7.8,105,2019-09-13
"Damarea Crockett","OAK","RB",239,289.8,44.8,362,69,90.6,10.6,109,275,277.5,43,61.5,7,69,2.5,280,90,91.5,1.5,93,2019-09-13
"Travis Benjamin","LAC","WR",212,287.4,26.5,344,83,119.9,12.1,140,222,278,,,,,46.6,336,76,95.3,16.4,116,2019-09-13
"Myles Gaskin","MIA","RB",162,313,54.2,377,59,92.8,10.3,113,278,278,39,50.3,8.6,72,0,278,91,91,0,91,2019-09-13
"Dan Bailey","MIN","K",230,286.5,53.7,375,4,12.3,4.4,19,255,278.3,,,,,20.8,312,,,,,2019-09-13
"Adam Vinatieri","IND","K",241,286.7,58.3,369,10,13,1.9,16,254,278.5,,,,,14.7,292,,,,,2019-09-13
"Joey Slye","CAR","K",,,,,,,,,281,281,,,,,0,281,,,,,2019-09-13
"Damion Willis","CIN","WR",,,,,,,,,253,281.3,42,46,2.9,49,20.1,297,90,98.7,6.6,106,2019-09-13
"Ryan Tannehill","TEN","QB",222,288.3,33.8,338,30,36.8,3.6,48,274,281.5,,,,,7.5,289,37,37.5,0.5,38,2019-09-13
"Kansas City","KCC","DST",251,303,45.6,362,17,24.8,1,26,249,284,,,,,23.4,311,,,,,2019-09-13
"Breshad Perriman","TBB","WR",180,249.9,31.5,295,68,105.1,11.3,124,265,284,,,,,22.8,316,89,97.3,9.1,110,2019-09-13
"Vernon Davis","WAS","TE",296,335,39,374,41,52.9,8.3,74,256,284,,,,,20.2,303,24,32.3,9.3,48,2019-09-13
"Demarcus Robinson","KCC","WR",173,261.1,37.2,314,78,105.8,12.3,123,216,285,,,,,49.1,326,73,98.3,18,113,2019-09-13
"San Francisco","SFO","DST",292,329,29.4,364,21,26.6,1.2,28,275,285.5,,,,,11.5,304,,,,,2019-09-13
"Andrew Wellock","CAR","K",,,,,24,26.4,2.2,29,286,286,,,,,0,286,,,,,2019-09-13
"Geoff Swaim","JAC","TE",229,314.4,58,378,27,46.1,9.3,61,246,287.3,,,,,28.5,324,22,28.8,4.3,34,2019-09-13
"Washington","WAS","DST",237,298.3,53.8,368,28,30,2,32,213,287.8,,,,,47.1,328,,,,,2019-09-13
"Atlanta","ATL","DST",203,252,37.2,309,11,13.8,3.4,32,276,289.3,,,,,13.2,311,,,,,2019-09-13
"Allen Hurns","MIA","WR",264,321.5,24.6,356,101,125.9,11.3,150,275,289.5,,,,,14.5,304,96,100,4,104,2019-09-13
"Mike Gesicki","MIA","TE",128,162.7,25.1,222,13,21,4,31,260,289.5,,,,,18.6,310,25,27.8,2.2,31,2019-09-13
"Austin Seibert","CLE","K",,,,,,,,,279,290.5,,,,,11.5,302,,,,,2019-09-13
"Jake Kumerow","GBP","WR",178,292.4,46.2,361,81,115.9,18.3,161,263,291,,,,,19.9,307,92,101.3,6.6,106,2019-09-13
"Chris Boswell","PIT","K",221,278.8,52,373,6,11.2,3.2,20,274,291.7,,,,,12.7,303,,,,,2019-09-13
"Robert Foster","BUF","WR",111,173.4,39,279,46,75.2,14.8,114,282,292.3,,,,,7.6,300,99,101.3,2.1,104,2019-09-13
"Pittsburgh","PIT","DST",225,288,55,359,13,16.6,3,23,270,292.3,,,,,13.6,305,,,,,2019-09-13
"Tim Patrick","DEN","WR",206,323.8,34.2,353,86,133.7,16,156,288,294,,,,,6,300,102,102.5,0.5,103,2019-09-13
"Gerald Everett","LAR","TE",145,224.5,25.8,287,17,30.5,4,37,269,294.3,,,,,24.3,320,24,29,3.4,33,2019-09-13
"Will Dissly","SEA","TE",175,273.4,70.3,392,22,38.7,6.2,49,268,294.8,,,,,26.8,338,26,29.8,4.8,38,2019-09-13
"Jason Witten","DAL","TE",255,308.8,47.8,385,33,43.7,5.5,56,274,295,,,,,22.6,333,25,29.8,3.7,35,2019-09-13
"Indianapolis","IND","DST",240,286.3,50.1,356,19,22.4,3.4,28,272,295,,,,,16,316,,,,,2019-09-13
"Jakobi Meyers","NEP","WR",96,231.4,44.7,296,34,95.2,16.2,133,296,296,19,36,9,54,0,296,105,105,0,105,2019-09-13
"Josh Lambo","JAC","K",291,336,45,381,19,23.7,3.6,31,261,297,,,,,25.5,315,,,,,2019-09-13
"Ryan Izzo","NEP","TE",,,,,,,,,298,298,,,,,0,298,39,39,0,39,2019-09-13
"Cameron Brate","TBB","TE",192,260.2,36.7,350,23,34.4,2.7,40,268,299,,,,,22.7,327,25,30.8,3.8,35,2019-09-13
"Dustin Hopkins","WAS","K",,,,,26,28,1.6,30,292,299.3,,,,,9,312,,,,,2019-09-13
"Eddy Pineiro","CHI","K",,,,,18,25,7.9,36,283,299.7,,,,,13.9,317,,,,,2019-09-13
"Brandon McManus","DEN","K",249,302.7,52.5,374,9,14.5,3,20,285,301.5,,,,,10.2,312,,,,,2019-09-13
"Aldrick Rosas","NYG","K",,,,,19,24,6.4,33,296,302.3,,,,,4.6,307,,,,,2019-09-13
"NKeal Harry","NEP","WR",37,68.9,26.1,164,16,30.3,9.3,57,271,305.3,1,4.8,1.9,13,27.8,339,93,105.3,10.2,118,2019-09-13
"Arizona","ARI","DST",236,292.6,40,360,16,20,3,32,290,305.5,,,,,15.5,321,,,,,2019-09-13
"Cincinnati","CIN","DST",315,359.7,34.5,399,20,23.6,3,31,289,305.7,,,,,12.8,320,,,,,2019-09-13
"Jalen Hurd","SFO","WR",127,188.9,43.9,350,60,79.4,13,120,264,306.3,19,27.5,5.1,44,30.2,332,88,103.7,11.3,114,2019-09-13
"Ryan Switzer","PIT","WR",223,309.2,55.2,392,91,133,17.4,174,292,307,,,,,19.8,335,99,105.3,6.9,115,2019-09-13
"Demaryius Thomas","NYJ","WR",177,257,30.6,308,71,104.5,8.5,115,286,307.7,,,,,15.3,319,97,105.3,6,111,2019-09-13
"Keith Kirkwood","NOS","WR",220,271.4,27.2,315,90,116.5,14.4,162,308,308,,,,,0,308,108,108,0,108,2019-09-13
"Daniel Carlson","OAK","K",,,,,21,22.3,2.1,27,271,308.3,,,,,26.4,329,,,,,2019-09-13
"Ryan Succop","TEN","K",271,309,50.2,380,17,19.7,2.4,24,309,309,,,,,0,309,,,,,2019-09-13
"Chris Moore","BAL","WR",273,333.8,56.3,438,100,142.7,10.2,156,290,309.5,,,,,19.5,329,103,107,4,111,2019-09-13
"Nick Mullens","SFO","QB",257,320.8,51.6,411,34,40.9,3.5,50,300,309.5,,,,,9.5,319,39,39.5,0.5,40,2019-09-13
"Josh Doctson","MIN","WR",152,220.2,31,289,64,96.3,15.4,132,310,310,,,,,0,310,107,107,0,107,2019-09-13
"Blaine Gabbert","TBB","QB",,,,,47,53.8,4.8,60,310,310,,,,,0,310,39,43.5,4.5,48,2019-09-13
"Tyler Higbee","LAR","TE",254,339.3,61,393,24,47,10.4,74,297,313,,,,,9.9,324,32,33.5,2.6,38,2019-09-13
"Randy Bullock","CIN","K",,,,,24,27,2.9,31,293,314,,,,,21,335,,,,,2019-09-13
"Benjamin Watson","NEP","TE",300,349.3,35.3,381,42,49.7,5,59,286,314.5,,,,,17.9,334,31,33.5,2.1,36,2019-09-13
"Steven Hauschka","BUF","K",242,307.7,57.5,382,10,15.2,4.2,26,314,316,,,,,2,318,,,,,2019-09-13
"Blake Jarwin","DAL","TE",237,320.7,39.7,384,20,44.1,8.4,67,292,317,,,,,17.8,338,29,36.5,5.4,44,2019-09-13
"Tampa Bay","TBB","DST",309,336.7,23.3,366,29,30.3,0.8,31,296,317,,,,,16.8,337,,,,,2019-09-13
"Keelan Cole","JAC","WR",177,244.4,25.4,305,79,100.4,9.8,133,313,317.5,,,,,4.5,322,108,110,2,112,2019-09-13
"Ian Thomas","CAR","TE",127,188.5,39.7,326,13,23,5.3,38,291,320.3,,,,,21.1,340,34,37.7,3.3,42,2019-09-13
"Chris Hogan","CAR","WR",227,263.3,22.4,308,91,110.3,10.5,134,305,320.7,,,,,11.4,332,107,110.3,2.4,112,2019-09-13
"Antonio Callaway","CLE","WR",136,180.4,28.6,251,58,76.2,9.6,99,319,321,,,,,2,323,110,111.5,1.5,113,2019-09-13
"Dawson Knox","BUF","TE",102,252.1,59,408,22,35.1,7.4,52,293,321.7,36,47.4,8.7,66,20.7,341,36,40.7,4.6,47,2019-09-13
"New York","NYG","DST",306,326,24.8,361,25,28,1.9,30,306,322.3,,,,,11.6,331,,,,,2019-09-13
"CJ Uzomah","CIN","TE",239,314,45.6,358,33,45.7,5.2,56,295,322.8,,,,,16.3,336,37,37.5,0.9,39,2019-09-13
"Oakland","OAK","DST",300,354,39.9,395,22,26.5,4,31,323,323,,,,,0,323,,,,,2019-09-13
"Mason Rudolph","PIT","QB",144,271.2,65.3,327,35,42.9,4.2,56,309,325.5,,,,,16.5,342,40,42,2,44,2019-09-13
"Hayden Hurst","BAL","TE",136,211.9,44,383,13,29.7,5.5,40,308,325.7,,,,,13.9,342,30,35.3,5.6,43,2019-09-13
"Zane Gonzalez","ARI","K",,,,,22,30,6.2,37,326,326,,,,,0,326,,,,,2019-09-13
"Robert Griffin","BAL","QB",317,331,14,345,44,50.5,4.5,57,311,326,,,,,15,341,41,42,1,43,2019-09-13
"Jace Sternberger","GBP","TE",82,189.6,37.9,323,12,24.5,5.8,38,328,328,18,31.3,5.3,48,0,328,36,44,8,52,2019-09-13
"Matt LaCosse","NEP","TE",212,277.6,60.2,363,28,44.2,7.9,54,320,328.3,,,,,8.5,340,33,36,2.4,39,2019-09-13
"Cordarrelle Patterson","CHI","WR",249,322.2,22.8,355,104,126.3,13.1,152,316,330,,,,,14,344,109,115,6,121,2019-09-13
"Irv Smith","MIN","TE",85,169.8,35.2,302,12,20.2,5.6,34,321,330.7,20,24.8,2.8,34,7.8,340,34,38,5.7,46,2019-09-13
"Josh Oliver","JAC","TE",98,234.1,57.8,418,15,31.8,8.1,55,333,333,30,45.4,5.6,57,0,333,40,40,0,40,2019-09-13
"Adam Shaheen","CHI","TE",240,309.7,46.2,391,27,40.8,5.6,60,335,335,,,,,0,335,41,46,5,51,2019-09-13
"Jesse James","DET","TE",240,317.4,53,394,34,45.6,4.7,53,336,336,,,,,0,336,42,47.5,5.5,53,2019-09-13
"Will Grier","CAR","QB",134,287.8,66.5,428,28,38.4,4.2,45,330,336.5,45,52.6,4.7,61,6.5,343,42,43.5,1.5,45,2019-09-13
"Drew Lock","DEN","QB",132,247.4,54.3,406,24,32.1,3.3,41,334,336.5,30,41.5,5,51,2.5,339,42,42.5,0.5,43,2019-09-13
"Taywan Taylor","CLE","WR",153,244.1,31.8,332,65,102.4,10.3,129,322,337,,,,,15,352,111,118,7,125,2019-09-13
"Nick OLeary","MIA","TE",,,,,,,,,337,337,,,,,0,337,41,41,0,41,2019-09-13
"Kendrick Bourne","SFO","WR",311,322,9.5,336,114,133,11.2,154,338,338,,,,,0,338,117,117,0,117,2019-09-13
"Teddy Bridgewater","NOS","QB",133,270.4,41.8,370,29,36.8,3.7,43,321,339,,,,,18,357,41,43.5,2.5,46,2019-09-13
"Nick Vannett","SEA","TE",242,302.5,49.6,388,32,45.8,6.5,59,339,339,,,,,0,339,45,46.5,1.5,48,2019-09-13
"Trent Taylor","SFO","WR",184,283.2,52.6,346,78,122.2,18.9,152,341,341,,,,,0,341,119,119,0,119,2019-09-13
"Ricky Seals-Jones","CLE","TE",175,252,49.6,387,23,37.8,6.5,50,332,343,,,,,11,354,38,42.5,4.5,47,2019-09-13
"Jakeem Grant","MIA","WR",205,306.5,49.9,397,78,125.7,13.5,143,343,343,,,,,0,343,120,120,0,120,2019-09-13
"Charles Clay","ARI","TE",307,322.3,20.3,351,35,48,6.6,64,334,343.5,,,,,9.5,353,40,43,3,46,2019-09-13
"Jonnu Smith","TEN","TE",184,236.5,46.1,386,21,33,5.7,46,337,344,,,,,7,351,43,44,1,45,2019-09-13
"Gary Jennings","SEA","WR",141,253.1,61.6,389,60,106,23.5,153,345,345,23,45,11.3,71,0,345,122,122,0,122,2019-09-13
"Jordan Thomas","HOU","TE",181,319.3,37.8,396,23,40.5,7.6,62,346,346,,,,,0,346,44,44,0,44,2019-09-13
"Blake Bortles","LAR","QB",224,307.6,32.6,340,31,41.3,4.1,50,344,346.5,,,,,2.5,349,44,45,1,46,2019-09-13
"Chad Beebe","MIN","WR",237,310.6,74,448,93,128.6,27.7,183,347,347,,,,,0,347,123,123,0,123,2019-09-13
"Trent Sherfield","ARI","WR",306,314,8,322,101,128.8,17,147,348,348,,,,,0,348,124,124,0,124,2019-09-13
"Tyrod Taylor","LAC","QB",247,307.6,53.8,391,37,44.2,3.3,50,350,350,,,,,0,350,45,46,1,47,2019-09-13
"Justin Watson","TBB","WR",191,277.3,48.3,360,81,117,16.2,149,355,355,,,,,0,355,126,126,0,126,2019-09-13
"Greg Dortch","NYJ","WR",,,,,107,158.3,38.1,198,356,356,40,63.9,13.6,90,0,356,127,127,0,127,2019-09-13
"Brett Hundley","ARI","QB",,,,,52,58.5,4.3,64,,,,,,,,,,,,,2019-09-13
"Caleb Wilson","ARI","TE",,,,,34,51,10.1,60,,,52,66.9,7.3,83,,,,,,,2019-09-13
"Maxx Williams","ARI","TE",,,,,60,74.4,6.2,83,,,,,,,,,,,,,2019-09-13
"Hakeem Butler","ARI","WR",66,169.9,38.9,287,31,71.6,14.3,107,,,15,26.6,6.2,40,,,,,,,2019-09-13
"Qadree Ollison","ATL","RB",187,291,66.6,461,62,85,13.3,131,,,35,50.3,9.2,69,,,,,,,2019-09-13
"Brandon Powell","ATL","WR",,,,,112,142.7,21.9,162,,,,,,,,,,,,,2019-09-13
"Antoine Wesley","BAL","WR",,,,,78,135,57,192,,,41,67,13,87,,,,,,,2019-09-13
"Jaleel Scott","BAL","WR",,,,,144,165.3,16,187,,,,,,,,,,,,,2019-09-13
"Nick Boyle","BAL","TE",,,,,66,68,2,70,,,,,,,,,,,,,2019-09-13
"Seth Roberts","BAL","WR",256,340.5,84.5,425,113,146.4,9.4,164,,,,,,,,,,,,,2019-09-13
"Davis Webb","BUF","QB",,,,,59,60,1,61,,,,,,,,,,,,,2019-09-13
"Isaiah McKenzie","BUF","WR",276,335,57,412,115,125.7,10.5,140,,,,,,,,,,,,,2019-09-13
"Andre Roberts","BUF","WR",,,,,149,157,8,165,,,,,,,,,,,,,2019-09-13
"Matt Barkley","BUF","QB",,,,,49,53,4,57,,,,,,,,,49,49,0,49,2019-09-13
"Tyler Kroft","BUF","TE",227,335,66.3,395,30,52,5.2,64,,,,,,,,,54,54,0,54,2019-09-13
"Jason Croom","BUF","TE",292,366,74,440,42,63,15,89,,,,,,,,,,,,,2019-09-13
"Tyree Jackson",,"QB",,,,,,,,,,,61,74.3,10.4,88,,,,,,,2019-09-13
"Jarius Wright","CAR","WR",308,354.5,46.5,401,137,144.5,7.4,156,,,,,,,,,,,,,2019-09-13
"Graham Gano","CAR","K",211,279.8,49.4,371,3,10.8,7.1,25,,,,,,,,,,,,,2019-09-13
"Elijah Holyfield","CAR","RB",237,299.7,48.1,354,60,105.4,13.9,121,,,35,57.9,10.1,75,,,,,,,2019-09-13
"Jordan Scarlett","CAR","RB",193,306.6,66.6,407,53,89.5,12.4,114,,,39,57,9.9,71,,,,,,,2019-09-13
"Chase Daniel","CHI","QB",,,,,48,56.8,10.2,73,,,,,,,,,55,55,0,55,2019-09-13
"Kerrith Whyte","CHI","RB",,,,,83,108.3,27.8,147,,,48,80.6,16.6,92,,,,,,,2019-09-13
"Riley Ridley","CHI","WR",152,242.5,55.7,368,74,102,14.7,136,,,29,41.4,7.8,61,,,,,,,2019-09-13
"Dax Raymond","CHI","TE",,,,,,,,,,,84,90.8,5.8,100,,,,,,,2019-09-13
"Rodney Anderson","CIN","RB",87,237.1,66.8,384,38,76.4,13.4,106,,,27,43.4,9,61,,,,,,,2019-09-13
"Ryan Finley","CIN","QB",147,277.4,66.7,327,33,44.6,6.1,58,,,49,62.3,9.5,81,,,,,,,2019-09-13
"Samaje Perine","CIN","RB",,,,,81,113.6,16,145,,,,,,,,,,,,,2019-09-13
"Alex Erickson","CIN","WR",,,,,161,164,3,167,,,,,,,,,,,,,2019-09-13
"Stanley Morgan","CIN","WR",,,,,108,138,23.7,166,,,33,63,17.1,82,,,,,,,2019-09-13
"Auden Tate","CIN","WR",,,,,129,144,11.9,158,,,,,,,,,,,,,2019-09-13
"Trayveon Williams","CIN","RB",121,237.3,47.6,382,61,74.3,9,105,,,24,39.4,4.6,64,,,,,,,2019-09-13
"Drew Sample","CIN","TE",,,,,37,51.9,7.3,71,,,39,79.6,12.8,98,,,,,,,2019-09-13
"Demetrius Harris","CLE","TE",303,383,80,463,35,51.4,10.3,69,,,,,,,,,,,,,2019-09-13
"Damion Ratley","CLE","WR",,,,,166,171,5,176,,,,,,,,,,,,,2019-09-13
"Tavon Austin","DAL","WR",,,,,132,149.4,15.7,178,,,,,,,,,,,,,2019-09-13
"Dalton Schultz","DAL","TE",354,415.5,61.5,477,41,55.8,10.2,77,,,,,,,,,,,,,2019-09-13
"Clayton Thorson","DAL","QB",279,299,20,319,40,46.3,4.6,51,,,50,61.3,14,81,,,,,,,2019-09-13
"Tavon Austin","DAL","RB",,,,,105,112,6.7,121,,,,,,,,,,,,,2019-09-13
"Brett Rypien","DEN","QB",,,,,,,,,,,71,83.3,7.6,91,,,,,,,2019-09-13
"Jake Butt","DEN","TE",225,316.8,40.6,390,35,45,6.6,57,,,,,,,,,50,50,0,50,2019-09-13
"Troy Fumagalli","DEN","TE",,,,,48,63.3,10.7,81,,,,,,,,,,,,,2019-09-13
"Jeff Heuerman","DEN","TE",,,,,50,61.2,7.3,75,,,,,,,,,60,60,0,60,2019-09-13
"Jermaine Kearse","DET","WR",274,314.5,40.5,355,118,141.5,20.8,185,,,,,,,,,,,,,2019-09-13
"Isaac Nauta","DET","TE",,,,,54,71.7,13,85,,,77,82.3,5,89,,,,,,,2019-09-13
"JD McKissic","DET","RB",,,,,92,111.8,12.7,126,,,,,,,,,,,,,2019-09-13
"Ty Johnson","DET","RB",167,276,71.5,366,54,86.8,13.3,113,,,34,52.2,9.1,70,,,,,,,2019-09-13
"Robert Kelley",,"RB",,,,,103,106,3,109,,,,,,,,,,,,,2019-09-13
"Kelvin Benjamin",,"WR",279,318,29.1,361,113,135.3,18.8,172,,,,,,,,,,,,,2019-09-13
"Rob Gronkowski",,"TE",90,188.3,65.3,314,35,40,4.5,46,,,,,,,,,,,,,2019-09-13
"Roc Thomas",,"RB",,,,,105,118.5,11.8,141,,,,,,,,,,,,,2019-09-13
"Corey Grant",,"RB",297,356,59,415,72,110.4,15.9,148,,,,,,,,,,,,,2019-09-13
"Rod Smith",,"RB",231,289,34.3,336,76,97.8,12.7,115,,,,,,,,,,,,,2019-09-13
"Jacquizz Rodgers",,"RB",,,,,99,116.2,12.6,136,,,,,,,,,,,,,2019-09-13
"Austin Seferian-Jenkins",,"TE",252,256,4,260,27,46.8,10.4,60,,,,,,,,,,,,,2019-09-13
"Javorius Allen",,"RB",299,346,41.5,400,84,104.2,16.9,149,,,,,,,,,,,,,2019-09-13
"Jay Ajayi",,"RB",138,247.9,48,335,51,85,15.6,126,,,,,,,,,,,,,2019-09-13
"Kevin White",,"WR",345,352.5,7.5,360,110,140.6,18.5,160,,,,,,,,,,,,,2019-09-13
"Aldrick Robinson",,"WR",,,,,159,170.5,11.5,182,,,,,,,,,,,,,2019-09-13
"Simmie Cobbs",,"WR",,,,,167,178.5,11.5,190,,,,,,,,,,,,,2019-09-13
"DaMarkus Lodge",,"WR",,,,,104,144.8,24.9,167,,,,,,,,,,,,,2019-09-13
"Alex Barnes",,"RB",267,293,26,319,85,109.8,19.3,149,,,,,,,,,,,,,2019-09-13
"Alex Collins",,"RB",306,320,14,334,67,98.7,13.5,123,,,,,,,,,,,,,2019-09-13
"Jeremy McNichols",,"RB",,,,,124,126,1.4,127,,,,,,,,,,,,,2019-09-13
"Laquon Treadwell",,"WR",259,319.4,34.2,354,99,128.4,9.9,147,,,,,,,,,,,,,2019-09-13
"Andrew Luck",,"QB",41,121.2,88.9,249,4,34.6,15,60,,,,,,,,,,,,,2019-09-13
"Alfred Morris",,"RB",227,325,81.3,426,67,105.6,8.2,119,,,,,,,,,,,,,2019-09-13
"LeGarrette Blount",,"RB",,,,,84,102.7,13.3,134,,,,,,,,,,,,,2019-09-13
"Pierre Garcon",,"WR",297,321,24,345,115,136,23.2,183,,,,,,,,,,,,,2019-09-13
"Michael Roberts",,"TE",,,,,67,77.7,8.6,88,,,,,,,,,,,,,2019-09-13
"Braxton Miller",,"WR",,,,,159,163.5,4.5,168,,,,,,,,,,,,,2019-09-13
"Amara Darboh",,"WR",,,,,142,159.3,11.3,173,,,,,,,,,,,,,2019-09-13
"Luke Willson",,"TE",340,348.5,8.5,357,40,63,8,72,,,,,,,,,,,,,2019-09-13
"Andre Ellington",,"RB",283,346.7,62.7,432,80,108.2,16.5,126,,,,,,,,,,,,,2019-09-13
"Stephen Anderson",,"TE",272,283.5,11.5,295,36,54.5,8.3,71,,,,,,,,,,,,,2019-09-13
"Brice Butler",,"WR",,,,,156,170.7,12.7,187,,,,,,,,,,,,,2019-09-13
"DeAngelo Henderson",,"RB",,,,,109,123.3,8.8,132,,,,,,,,,,,,,2019-09-13
"Bruce Ellington",,"WR",,,,,130,139,6.7,146,,,,,,,,,,,,,2019-09-13
"Marcus Murphy",,"RB",,,,,94,113.7,9.5,128,,,,,,,,,,,,,2019-09-13
"James Williams",,"RB",176,333.7,113.9,441,63,110.3,10.1,125,,,,,,,,,,,,,2019-09-13
"Jordan Lasley",,"WR",320,393.5,73.5,467,116,160.8,14.7,189,,,,,,,,,,,,,2019-09-13
"Rishard Matthews",,"WR",,,,,117,136.8,15.5,163,,,,,,,,,,,,,2019-09-13
"Cameron Artis-Payne",,"RB",,,,,90,115.9,16.1,142,,,,,,,,,,,,,2019-09-13
"Doug Baldwin",,"WR",196,255,26.7,296,90,113,12,136,,,,,,,,,,,,,2019-09-13
"Doug Martin",,"RB",266,307,30.5,355,75,93.9,11.2,116,,,,,,,,,,,,,2019-09-13
"Torrey Smith",,"WR",,,,,142,162.4,16.9,193,,,,,,,,,,,,,2019-09-13
"Marshawn Lynch",,"RB",178,245.3,30.7,282,,,,,,,,,,,,,,,,,2019-09-13
"Martavis Bryant",,"WR",,,,,113,129.5,12.2,148,,,,,,,,,,,,,2019-09-13
"Bo Scarbrough",,"RB",,,,,86,116.8,11.1,137,,,,,,,,,,,,,2019-09-13
"Richard Rodgers",,"TE",,,,,76,81.5,5.5,87,,,,,,,,,,,,,2019-09-13
"Dwayne Allen",,"TE",,,,,45,69,12.6,80,,,,,,,,,,,,,2019-09-13
"Byron Pringle",,"WR",264,317.3,37.9,349,94,132.8,19.8,156,,,,,,,,,,,,,2019-09-13
"Chandler Catanzaro",,"K",373,374.5,1.5,376,12,17.5,5.7,29,,,,,,,,,,,,,2019-09-13
"Deontay Burnett",,"WR",,,,,139,171,22,200,,,,,,,,,,,,,2019-09-13
"Josh Malone",,"WR",,,,,97,150.8,30.8,184,,,,,,,,,,,,,2019-09-13
"Jordy Nelson",,"WR",204,254,50,304,83,127,16,152,,,,,,,,,,,,,2019-09-13
"Jeremy Hill",,"RB",,,,,95,106.8,13.8,130,,,,,,,,,,,,,2019-09-13
"Eli Rogers",,"WR",,,,,139,162.2,20.2,191,,,,,,,,,,,,,2019-09-13
"Kai Forbath",,"K",,,,,23,24.7,1.2,26,,,,,,,,,,,,,2019-09-13
"DOnta Foreman",,"RB",96,196.4,58.8,330,46,69.3,15.1,96,,,,,,,,,,,,,2019-09-13
"Cody Kessler",,"QB",,,,,46,58.2,6.2,69,,,,,,,,,,,,,2019-09-13
"Chris Ivory",,"RB",,,,,84,102.8,12.2,118,,,,,,,,,,,,,2019-09-13
"Jonathan Stewart",,"RB",,,,,100,105.5,5.5,111,,,,,,,,,,,,,2019-09-13
"Greg Joseph",,"K",289,334,45,379,16,19.5,3.5,23,,,,,,,,,,,,,2019-09-13
"Jordan Matthews",,"WR",266,303.2,33.1,359,111,130.8,14.9,161,,,,,,,,,,,,,2019-09-13
"Giorgio Tavecchio",,"K",,,,,5,19.3,11.1,32,,,,,,,,,,,,,2019-09-13
"JMon Moore",,"WR",202,306.1,34.7,346,89,120.9,17.8,160,,,,,,,,,,,,,2019-09-13
"Maurice Harris",,"WR",243,338,66.6,449,103,149.6,22.7,182,,,,,,,,,,,,,2019-09-13
"Zach Zenner",,"RB",,,,,93,115.2,19.8,144,,,,,,,,,,,,,2019-09-13
"Dez Bryant",,"WR",293,328.5,35.5,364,110,128.9,11.6,151,,,,,,,,,132,132,0,132,2019-09-13
"Penny Hart",,"WR",,,,,,,,,,,85,92.5,7.5,100,,,,,,,2019-09-13
"Connor Barth",,"K",,,,,24,26,1.4,27,,,,,,,,,,,,,2019-09-13
"Cody Parkey",,"K",,,,,25,25.3,0.5,26,,,,,,,,,,,,,2019-09-13
"Kenneth Dixon",,"RB",133,253.9,46.2,356,54,78.6,9.2,93,,,,,,,,,,,,,2019-09-13
"Rico Gathers",,"TE",,,,,44,61.3,11.9,75,,,,,,,,,,,,,2019-09-13
"Tyree Jackson",,"QB",153,237,84,321,42,48.7,6.8,58,,,,,,,,,,,,,2019-09-13
"Chris Warren",,"RB",,,,,95,115.2,5.1,124,,,,,,,,,,,,,2019-09-13
"Jeff Driskel",,"QB",,,,,47,60.5,9.6,70,,,,,,,,,,,,,2019-09-13
"Jordan Lynch",,"RB",,,,,104,113,9,122,,,,,,,,,,,,,2019-09-13
"Equanimeous St Brown","GBP","WR",167,221.9,27.9,275,74,92.8,8.7,111,,,,,,,,,,,,,2019-09-13
"Marcedes Lewis","GBP","TE",,,,,69,74,5.7,82,,,,,,,,,,,,,2019-09-13
"Jordan Akins","HOU","TE",224,335.5,111.5,447,32,53.8,9.4,71,,,,,,,,,58,58,0,58,2019-09-13
"AJ McCarron","HOU","QB",,,,,52,56,3.3,61,,,,,,,,,47,47.5,0.5,48,2019-09-13
"Lamar Miller","HOU","RB",58,146.4,47.4,291,25,55.1,13.7,95,,,,,,,,,,,,,2019-09-13
"Kahale Warring","HOU","TE",207,298,53.9,414,17,37.5,7.3,54,,,35,54.4,11.4,73,,,55,55,0,55,2019-09-13
"Karan Higdon","HOU","RB",238,338,70.8,454,43,101,16.4,127,,,31,53.9,8.8,64,,,,,,,2019-09-13
"Chad Williams","IND","WR",271,331.2,60,437,105,142.6,22.1,195,,,,,,,,,,,,,2019-09-13
"Ashton Dulin","IND","WR",,,,,103,141.7,27.8,167,,,34,62.4,14.3,73,,,,,,,2019-09-13
"Chester Rogers","IND","WR",284,317.8,17.3,331,113,130.3,8.6,144,,,,,,,,,,,,,2019-09-13
"Spencer Ware","IND","RB",231,281.7,26.4,338,71,83.6,7.7,100,,,,,,,,,,,,,2019-09-13
"Bruce Anderson","IND","RB",246,301.2,39.4,379,68,90.9,11.2,121,,,29,59.9,12.8,86,,,,,,,2019-09-13
"Zach Pascal","IND","WR",329,387.5,58.5,446,118,161,15.7,185,,,,,,,,,,,,,2019-09-13
"Daurice Fountain","IND","WR",338,355,17,372,133,147.8,11.3,162,,,,,,,,,,,,,2019-09-13
"Brian Hoyer","IND","QB",,,,,59,61.3,1.8,63,,,,,,,,,54,54,0,54,2019-09-13
"Mo Alie-Cox","IND","TE",,,,,29,54,9.1,68,,,,,,,,,59,59,0,59,2019-09-13
"Chad Kelly","IND","QB",,,,,33,47.3,10.6,72,,,,,,,,,50,50,0,50,2019-09-13
"Seth DeValve","JAC","TE",,,,,66,74.3,5.9,79,,,,,,,,,,,,,2019-09-13
"James OShaughnessy","JAC","TE",,,,,67,71.5,4.5,76,,,,,,,,,,,,,2019-09-13
"Terrelle Pryor","JAC","WR",,,,,121,143,25.2,196,,,,,,,,,,,,,2019-09-13
"Devine Ozigbo","JAC","RB",252,317,85.7,494,52,92.9,18.2,139,,,40,51.7,9,67,,,,,,,2019-09-13
"Joshua Dobbs","JAC","QB",,,,,42,53.3,8.6,65,,,,,,,,,,,,,2019-09-13
"Alfred Blue","JAC","RB",256,307,32.8,347,77,105.4,11.3,122,,,,,,,,,,,,,2019-09-13
"Terry Godwin","JAC","WR",,,,,,,,,,,56,78.5,15,96,,,,,,,2019-09-13
"Alex Barnes",,"RB",,,,,,,,,,,35,63.3,10.2,79,,,,,,,2019-09-13
"Chad Henne","KCC","QB",,,,,44,50.3,4.5,54,,,,,,,,,,,,,2019-09-13
"Darrel Williams","KCC","RB",270,336.6,44.7,410,63,95.2,12.3,116,,,,,,,,,,,,,2019-09-13
"Blake Bell","KCC","TE",,,,,50,62.3,10.7,76,,,,,,,,,,,,,2019-09-13
"Cody Thompson","KCC","WR",,,,,,,,,,,80,83,3,86,,,,,,,2019-09-13
"Anthony Johnson","LAC","WR",,,,,95,154.3,43.7,199,,,49,74.6,16.7,94,,,,,,,2019-09-13
"Dontrelle Inman","LAC","WR",264,333.6,46.8,390,104,143,16.2,163,,,,,,,,,,,,,2019-09-13
"Detrez Newsome","LAC","RB",,,,,114,131.5,13.2,147,,,,,,,,,,,,,2019-09-13
"Virgil Green","LAC","TE",,,,,56,72.3,10.2,84,,,,,,,,,,,,,2019-09-13
"Easton Stick","LAC","QB",,,,,48,50,2,52,,,51,78.8,18.4,102,,,,,,,2019-09-13
"Tyre Brady",,"WR",,,,,,,,,,,82,90.7,7.8,101,,,,,,,2019-09-13
"Miami","MIA","DST",326,344.5,18.5,363,23,26.6,2,29,,,,,,,,,,,,,2019-09-13
"Isaiah Ford","MIA","WR",,,,,171,175.5,4.5,180,,,,,,,,,,,,,2019-09-13
"Jason Sanders","MIA","K",,,,,27,30.5,3.5,34,,,,,,,,,,,,,2019-09-13
"Mark Walton","MIA","RB",262,314.3,37.2,369,66,97,10.7,116,,,,,,,,,,,,,2019-09-13
"LJ Scott",,"RB",,,,,,,,,,,53,55.3,2.6,59,,,,,,,2019-09-13
"Dillon Mitchell","MIN","WR",,,,,94,131,37,168,,,41,69.3,13.2,95,,,,,,,2019-09-13
"DaMarkus Lodge",,"WR",,,,,,,,,,,31,57.6,10.5,77,,,,,,,2019-09-13
"Cameron Meredith","NEP","WR",257,306,12,326,92,117.1,8.2,129,,,,,,,,,,,,,2019-09-13
"Jarrett Stidham","NEP","QB",139,276.4,26.5,304,32,41.1,5.6,57,,,38,54.5,8.2,72,,,,,,,2019-09-13
"Dan Arnold","NOS","TE",320,385,49.2,439,45,55,5.3,63,,,,,,,,,56,56,0,56,2019-09-13
"Alize Mack","NOS","TE",,,,,30,52.4,11.7,72,,,52,72.8,7.3,79,,,57,57,0,57,2019-09-13
"Emmanuel Butler","NOS","WR",,,,,111,138,24.8,172,,,43,60,15.3,81,,,,,,,2019-09-13
"Dwayne Washington","NOS","RB",,,,,92,120.8,17,145,,,,,,,,,,,,,2019-09-13
"LilJordan Humphrey","NOS","WR",287,333,46,379,98,146.2,31.7,184,,,44,57.8,8,73,,,,,,,2019-09-13
"Josh Hill","NOS","TE",389,405,16,421,46,66.6,13.5,82,,,,,,,,,49,49,0,49,2019-09-13
"Austin Carr","NOS","WR",,,,,,,,,,,,,,,,,130,130,0,130,2019-09-13
"CJ Conrad","NYG","TE",,,,,62,62,0,62,,,93,95.7,1.9,97,,,,,,,2019-09-13
"Corey Coleman","NYG","WR",267,334.7,57.4,459,109,127.9,15.8,157,,,,,,,,,,,,,2019-09-13
"David Sills","NYG","WR",294,316.7,16.8,334,90,143.8,17.7,166,,,36,59.9,9,79,,,,,,,2019-09-13
"Paul Perkins","NYG","RB",,,,,96,116.3,13.2,133,,,,,,,,,,,,,2019-09-13
"Darius Slayton","NYG","WR",244,317.8,80.8,484,96,138.4,25.6,181,,,39,51.6,11.1,75,,,129,129,0,129,2019-09-13
"Russell Shepard","NYG","WR",,,,,146,160,13.1,181,,,,,,,,,,,,,2019-09-13
"Elijhaa Penny","NYG","RB",,,,,115,122.7,8.8,135,,,,,,,,,,,,,2019-09-13
"Jalin Moore","NYJ","RB",,,,,89,98,9,107,,,72,87,9.7,99,,,,,,,2019-09-13
"Ryan Griffin","NYJ","TE",,,,,51,60.8,5.8,66,,,,,,,,,,,,,2019-09-13
"Josh Bellamy","NYJ","WR",,,,,147,160.8,13.7,179,,,,,,,,,,,,,2019-09-13
"Quincy Enunwa","NYJ","WR",103,175.5,29.1,282,40,78.5,13.3,107,,,,,,,,,,,,,2019-09-13
"Trevon Wesco","NYJ","TE",,,,,47,62.3,11.3,74,,,78,86,6.2,93,,,,,,,2019-09-13
"Trevor Siemian","NYJ","QB",,,,,54,58.7,3.4,62,,,,,,,,,,,,,2019-09-13
"Trenton Cannon","NYJ","RB",221,303.6,47.3,347,71,105.6,11.6,126,,,,,,,,,,,,,2019-09-13
"Braxton Berrios","NYJ","WR",281,365.7,91,492,125,141.8,12.9,168,,,,,,,,,,,,,2019-09-13
"Luke Falk","NYJ","QB",,,,,48,54,4.3,58,,,,,,,,,,,,,2019-09-13
"Josh Adams","NYJ","RB",144,254.1,57.1,376,54,85.3,13.5,117,,,,,,,,,,,,,2019-09-13
"Ryan Grant","OAK","WR",260,301.8,32.7,342,106,130.9,17,157,,,,,,,,,,,,,2019-09-13
"Foster Moreau","OAK","TE",151,313.2,71.4,431,28,45,5.6,57,,,30,59,7.1,76,,,,,,,2019-09-13
"Isaiah Crowell","OAK","RB",237,310,42.3,385,71,90.5,9.4,107,,,,,,,,,,,,,2019-09-13
"JJ Nelson","OAK","WR",353,387.5,34.5,422,135,150.4,10.7,165,,,,,,,,,,,,,2019-09-13
"Mike Glennon","OAK","QB",,,,,,,,,,,,,,,,,51,51,0,51,2019-09-13
"Nathan Peterman","OAK","QB",,,,,57,61,3.3,65,,,,,,,,,,,,,2019-09-13
"Marcell Ateman","OAK","WR",280,380,100,480,124,150.6,8.9,161,,,,,,,,,,,,,2019-09-13
"DeShone Kizer","OAK","QB",,,,,42,50.2,6,68,,,,,,,,,,,,,2019-09-13
"Eric Saubert","OAK","TE",,,,,65,72.5,7.5,80,,,,,,,,,,,,,2019-09-13
"Keelan Doss","OAK","WR",,,,,,,,,,,44,58.8,12.7,80,,,,,,,2019-09-13
"Mack Hollins","PHI","WR",298,373.8,67.1,482,112,150,11.7,164,,,,,,,,,,,,,2019-09-13
"Kyle Lauletta","PHI","QB",,,,,49,58,7.3,67,,,,,,,,,,,,,2019-09-13
"Nate Sudfeld","PHI","QB",,,,,,,,,,,,,,,,,53,53,0,53,2019-09-13
"Boston Scott","PHI","RB",341,367.5,26.5,394,102,114.2,13,138,,,,,,,,,,,,,2019-09-13
"Josh McCown","PHI","QB",,,,,45,50.8,3.7,54,,,,,,,,,52,52,0,52,2019-09-13
"Ed Dickson","SEA","TE",,,,,50,57.7,5.4,68,,,,,,,,,,,,,2019-09-13
"Jacob Hollister","SEA","TE",,,,,33,61,17.2,79,,,,,,,,,,,,,2019-09-13
"Travis Homer","SEA","RB",265,322.3,55.6,413,77,95,11.2,116,,,42,63.8,10.2,84,,,,,,,2019-09-13
"Jazz Ferguson","SEA","WR",,,,,119,139.8,18.4,171,,,47,63.8,14.5,83,,,133,133,0,133,2019-09-13
"Garrett Celek","SFO","TE",,,,,62,68.3,5.1,75,,,,,,,,,,,,,2019-09-13
"Jeff Wilson","SFO","RB",,,,,87,105.9,11.4,129,,,,,,,,,,,,,2019-09-13
"Kyle Juszczyk","SFO","RB",,,,,97,119.1,14.4,146,,,,,,,,,,,,,2019-09-13
"Kaden Smith","SFO","TE",,,,,48,58,10.8,73,,,54,74,13.8,98,,,,,,,2019-09-13
"Andrew Jacas","SFO","K",,,,,22,25,3.3,30,,,,,,,,,,,,,2019-09-13
"CJ Beathard","SFO","QB",,,,,41,51.1,4.3,62,,,,,,,,,,,,,2019-09-13
"Jerick McKinnon","SFO","RB",78,147,39.8,228,34,55.4,12.9,80,,,,,,,,,,,,,2019-09-13
"Wes Hills",,"RB",,,,,,,,,,,54,82.8,17.2,99,,,,,,,2019-09-13
"TJ Logan","TBB","RB",,,,,130,133,3,136,,,,,,,,,,,,,2019-09-13
"Emanuel Hall","TBB","WR",204,307.2,20.8,342,90,120.4,15.4,151,,,37,49.8,6.8,65,,,,,,,2019-09-13
"Jordan Leggett","TBB","TE",,,,,50,64,8.3,72,,,,,,,,,,,,,2019-09-13
"Anthony Firkser","TEN","TE",,,,,49,68,7.3,78,,,,,,,,,,,,,2019-09-13
"Tajae Sharpe","TEN","WR",329,402,73,475,103,140.9,14.2,160,,,,,,,,,,,,,2019-09-13
"Wendell Smallwood","WAS","RB",,,,,73,101.9,11.1,121,,,,,,,,,,,,,2019-09-13
"Alex Smith","WAS","QB",234,293.5,36.3,332,33,46.9,6.9,64,,,,,,,,,,,,,2019-09-13
"Colt McCoy","WAS","QB",263,306,43,349,41,50.5,6.7,67,,,,,,,,,,,,,2019-09-13
"Bryce Love","WAS","RB",114,219.2,46,343,47,68.6,8.9,96,,,19,38.8,6.7,50,,,,,,,2019-09-13
"Jeremy Sprinkle","WAS","TE",,,,,61,66,3.7,70,,,,,,,,,,,,,2019-09-13
"Kelvin Harmon","WAS","WR",118,214.6,47.3,376,50,89.3,15.1,131,,,18,33.4,6.5,44,,,128,128,0,128,2019-09-13
"James Williams",,"RB",,,,,,,,,,,38,58.9,11.4,78,,,,,,,2019-09-13
