"player","pos","team","age","draft_year","ecr_1qb","ecr_2qb","ecr_pos","value_1qb","value_2qb","scrape_date","fp_id"
"Ja'Marr Chase","WR","CIN",26.6,2021,1.2,6.3,1.2,10208,9055,"2026-10-02","19788"
"Jaxon Smith-Njigba","WR","SEA",24.6,2023,2.3,7,1.8,9948,8907,"2026-10-02","23070"
"Bijan Robinson","RB","ATL",24.7,2023,3.7,9.5,1.7,9626,8399,"2026-10-02","23133"
"Jahmyr Gibbs","RB","DET",24.5,2023,5.3,13.2,1.3,9270,7700,"2026-10-02","22968"
"Amon-Ra St. Brown","WR","DET",26.9,2021,5.7,11.9,3.6,9184,7939,"2026-10-02","19799"
"CeeDee Lamb","WR","DAL",27.5,2020,7.6,14.3,7,8783,7503,"2026-10-02","19202"
"Puka Nacua","WR","LAR",25.3,2023,7.7,14.5,4,8762,7468,"2026-10-02","23180"
"Justin Jefferson","WR","MIN",27.3,2020,7.9,13.6,6.2,8721,7628,"2026-10-02","19236"
"Ashton Jeanty","RB","LV",22.8,2025,9.6,18.7,3.7,8379,6766,"2026-10-02","25989"
"Jeremiyah Love","RB","ARI",21.3,2026,10.3,19.9,3.7,8243,6578,"2026-10-02","25403"
"Malik Nabers","WR","NYG",23.2,2024,11.7,22.4,6.4,7976,6203,"2026-10-02","25409"
"Drake London","WR","ATL",25.2,2022,15.3,25.4,7.4,7329,5780,"2026-10-02","23163"
"James Cook III","RB","BUF",27,2022,16.6,30,6.2,7108,5188,"2026-10-02","22958"
"Josh Allen","QB","BUF",30.4,2018,17.2,1.2,1,7009,10208,"2026-10-02","17298"
"Tetairoa McMillan","WR","CAR",23.5,2025,17.9,31.3,10.4,6895,5032,"2026-10-02","25417"
"Chris Olave","WR","NO",26.3,2022,18.4,32.2,10.2,6814,4927,"2026-10-02","20111"
"Kenneth Walker III","RB","KC",25.9,2022,19,31.1,5.2,6719,5056,"2026-10-02","23021"
"Garrett Wilson","WR","NYJ",26.2,2022,20.7,33.4,15.4,6455,4790,"2026-10-02","23072"
"2026 Pick 1.01","PICK",NA,NA,NA,20.95,12.9,NA,6418,7754,"2026-10-02",NA
"Jonathan Taylor","RB","IND",27.7,2020,21.5,34.3,7,6335,4689,"2026-10-02","19217"
"Brock Bowers","TE","LV",23.8,2024,23,33.7,1,6116,4756,"2026-10-02","22955"
"Breece Hall","RB","NYJ",25.3,2022,23.5,35.9,9.3,6044,4516,"2026-10-02","22982"
"Trey McBride","TE","ARI",26.9,2022,24.2,36.9,2,5946,4412,"2026-10-02","22936"
"Omarion Hampton","RB","LAC",23.5,2025,24.9,40.1,9.2,5849,4092,"2026-10-02","25395"
"Nico Collins","WR","HOU",27.5,2021,26.3,40.1,13.6,5659,4092,"2026-10-02","20130"
"2026 Pick 1.02","PICK",NA,NA,NA,26.375,21.825,NA,5649,6287,"2026-10-02",NA
"Emeka Egbuka","WR","TB",24,2025,28.4,42.6,15.4,5387,3858,"2026-10-02","23062"
"Lamar Jackson","QB","BAL",29.7,2018,29.2,5.4,3,5287,9249,"2026-10-02","17233"
"De'Von Achane","RB","MIA",25,2023,29.9,41.2,9.5,5200,3988,"2026-10-02","23136"
"DeVonta Smith","WR","PHI",27.9,2021,30.1,43.5,18,5176,3778,"2026-10-02","19222"
"Carnell Tate","WR","TEN",21.7,2026,30.7,44.4,16,5103,3699,"2026-10-02","26009"
"George Pickens","WR","DAL",25.6,2022,32.1,36.3,11.6,4938,4474,"2026-10-02","22963"
"Zay Flowers","WR","BAL",26.1,2023,32.6,39.1,12,4881,4189,"2026-10-02","22916"
"Patrick Mahomes II","QB","KC",31,2017,33.5,8.9,6.9,4778,8518,"2026-10-02","16413"
"Drake Maye","QB","NE",24.1,2024,33.9,23,4,4734,6116,"2026-10-02","23046"
"Jaylen Waddle","WR","DEN",27.9,2021,35,47.8,23.8,4613,3415,"2026-10-02","19790"
"2026 Pick 1.03","PICK",NA,NA,NA,35.595,30.605,NA,4549,5115,"2026-10-02",NA
"Christian McCaffrey","RB","SF",30.3,2017,36.3,47.7,15.3,4474,3423,"2026-10-02","16393"
"Ladd McConkey","WR","LAC",24.9,2024,36.6,51.4,20.8,4443,3138,"2026-10-02","26122"
"Chase Brown","RB","CIN",26.5,2023,36.7,51.6,9.8,4432,3123,"2026-10-02","25324"
"A.J. Brown","WR","NE",29.3,2019,36.8,49.7,25.8,4422,3266,"2026-10-02","18218"
"Luther Burden III","WR","CHI",22.8,2025,37,51,19.2,4401,3167,"2026-10-02","27016"
"Joe Burrow","QB","CIN",29.8,2020,37.8,8.7,4.7,4319,8559,"2026-10-02","19196"
"2027 Early 1st","PICK",NA,NA,NA,38.8106991275649,33.0581991275649,NA,4218,4828,"2026-10-02",NA
"Tyler Warren","TE","IND",24.4,2025,39.3,53.7,3.4,4170,2973,"2026-10-02","26434"
"Sam LaPorta","TE","DET",25.7,2023,40.7,50.8,6,4035,3182,"2026-10-02","22978"
"Jayden Daniels","QB","WAS",25.8,2024,41.1,17.7,6.1,3997,6927,"2026-10-02","22902"
"Colston Loveland","TE","CHI",22.5,2025,41.3,56.7,3.6,3978,2770,"2026-10-02","26006"
"Christian Watson","WR","GB",27.4,2022,41.9,54.9,19.8,3922,2890,"2026-10-02","23886"
"Jalen Hurts","QB","PHI",28.2,2020,41.9,11.7,8.1,3922,7976,"2026-10-02","19275"
"Caleb Williams","QB","CHI",24.9,2024,42.1,9.3,4.7,3904,8439,"2026-10-02","23084"
"Rome Odunze","WR","CHI",24.3,2024,44.5,57.3,30.2,3690,2731,"2026-10-02","25411"
"2026 Pick 1.04","PICK",NA,NA,NA,44.66,39.24,NA,3676,4176,"2026-10-02",NA
"Parker Washington","WR","JAC",24.5,2023,44.9,57.6,20.2,3655,2712,"2026-10-02","23106"
"Jordyn Tyson","WR","NO",22.1,2026,46.3,59,25.2,3537,2624,"2026-10-02","26035"
"Tee Higgins","WR","CIN",27.7,2020,46.4,60,22.8,3529,2564,"2026-10-02","19211"
"Marvin Harrison Jr.","WR","ARI",24.1,2024,48.9,58.3,37.2,3328,2668,"2026-10-02","23064"
"Jameson Williams","WR","DET",25.5,2022,50.3,64,24.8,3220,2334,"2026-10-02","23677"
"Rashee Rice","WR","KC",26.4,2023,50.4,64.6,27,3212,2301,"2026-10-02","23113"
"Trevor Lawrence","QB","JAC",27,2021,50.9,21.1,8.4,3175,6395,"2026-10-02","19780"
"Brock Purdy","QB","SF",26.8,2022,52,22.4,9,3094,6203,"2026-10-02","19797"
"Tucker Kraft","TE","GB",25.9,2023,52,66.1,5.8,3094,2221,"2026-10-02","25298"
"Dalton Kincaid","TE","BUF",27,2023,52.2,63.1,7.6,3079,2383,"2026-10-02","25247"
"Kyren Williams","RB","LAR",26.1,2022,52.5,69,14.8,3058,2075,"2026-10-02","23059"
"2026 Pick 1.05","PICK",NA,NA,NA,53.57,47.7275,NA,2982,3420,"2026-10-02",NA
"Saquon Barkley","RB","PHI",29.6,2018,54.5,73.6,16,2917,1862,"2026-10-02","17240"
"Harold Fannin Jr.","TE","CLE",22.2,2025,57.7,70.9,7,2706,1984,"2026-10-02","27050"
"TreVeyon Henderson","RB","NE",23.9,2025,59.3,72.6,15.2,2606,1907,"2026-10-02","23065"
"Travis Etienne Jr.","RB","NO",27.7,2021,59.4,73,22.7,2600,1889,"2026-10-02","19231"
"Makai Lemon","WR","PHI",22.3,2026,60,71.9,28.6,2564,1938,"2026-10-02","25420"
"DJ Moore","WR","BUF",29.5,2018,60.9,83.6,31.6,2510,1472,"2026-10-02","17265"
"Justin Herbert","QB","LAC",28.6,2020,62.1,18.7,11.4,2440,6766,"2026-10-02","18635"
"2026 Pick 1.06","PICK",NA,NA,NA,62.32,56.0625,NA,2427,2812,"2026-10-02",NA
"Javonte Williams","RB","DAL",26.4,2021,63.6,75.4,15.5,2356,1785,"2026-10-02","22739"
"Quinshon Judkins","RB","CLE",22.9,2025,64.4,77.7,17.8,2312,1691,"2026-10-02","25391"
"Bucky Irving","RB","TB",24.1,2024,67.7,79.1,17.7,2139,1636,"2026-10-02","25981"
"DK Metcalf","WR","PIT",28.8,2019,67.7,101.3,38.6,2139,971,"2026-10-02","18219"
"Kyle Pitts Sr.","TE","ATL",26,2021,68.1,92.7,11.4,2119,1189,"2026-10-02","20164"
"Brian Thomas Jr.","WR","JAC",24,2024,69.1,81.1,33.2,2070,1561,"2026-10-02","23000"
"Kenyon Sadiq","TE","NYJ",21.6,2026,70.6,81.3,9,1998,1554,"2026-10-02","26055"
"2026 Pick 1.07","PICK",NA,NA,NA,70.915,64.2575,NA,1984,2319,"2026-10-02",NA
"KC Concepcion Jr.","WR","CLE",22,2026,71.4,83.6,31.8,1961,1472,"2026-10-02","27331"
"Bo Nix","QB","DEN",26.6,2024,72.3,26,13,1920,5699,"2026-10-02","22910"
"2027 1st","PICK",NA,NA,NA,72.9811157942315,66.2281991275649,NA,1890,2214,"2026-10-02",NA
"Jadarian Price","RB","SEA",23,2026,73,85.9,19.5,1889,1395,"2026-10-02","27329"
"2027 Mid 1st","PICK",NA,NA,NA,73.4594491275649,67.0038241275649,NA,1868,2174,"2026-10-02",NA
"Jaxson Dart","QB","NYG",23.4,2025,74,27,13,1845,5567,"2026-10-02","23160"
"Cam Skattebo","RB","NYG",24.7,2025,75.4,88.4,21,1785,1315,"2026-10-02","27166"
"George Kittle","TE","SF",33,2017,77.4,90.1,11.2,1703,1264,"2026-10-02","16499"
"Bhayshul Tuten","RB","JAC",23.6,2025,78.9,91.3,19.7,1644,1229,"2026-10-02","27297"
"2026 Pick 1.08","PICK",NA,NA,NA,79.37,72.305,NA,1626,1920,"2026-10-02",NA
"Derrick Henry","RB","BAL",32.7,2016,79.7,93.3,20.2,1614,1172,"2026-10-02","15514"
"Denzel Boston","WR","CLE",22.8,2026,79.9,91.9,32.4,1606,1211,"2026-10-02","27339"
"Terry McLaurin","WR","WAS",31,2019,81,93.6,35.4,1565,1164,"2026-10-02","18466"
"Alec Pierce","WR","IND",26.4,2022,81.1,95.1,34.8,1561,1124,"2026-10-02","23791"
"2028 1st","PICK",NA,NA,NA,82.4765860629213,75.7236693962547,NA,1512,1772,"2026-10-02",NA
"Isaiah Likely","TE","NYG",26.5,2022,82.7,95.4,10.8,1504,1116,"2026-10-02","23781"
"D'Andre Swift","RB","CHI",27.7,2020,83.6,97.6,20.7,1472,1059,"2026-10-02","19210"
"Michael Pittman Jr.","WR","PIT",29,2020,83.6,127.3,55.2,1472,527,"2026-10-02","19278"
"C.J. Stroud","QB","HOU",25,2023,85.9,38.7,21.3,1395,4229,"2026-10-02","23071"
"Dak Prescott","QB","DAL",33.2,2016,87,33.8,14.4,1359,4745,"2026-10-02","15600"
"2026 Pick 1.09","PICK",NA,NA,NA,87.675,80.2075,NA,1338,1594,"2026-10-02",NA
"Jordan Addison","WR","MIN",24.7,2023,87.7,101.1,40.6,1337,976,"2026-10-02","23107"
"Josh Downs","WR","IND",25.1,2023,88.4,102.7,39.2,1315,940,"2026-10-02","24706"
"Michael Wilson","WR","ARI",26.6,2023,88.6,102.4,39.2,1309,946,"2026-10-02","25333"
"Tyler Shough","QB","NO",27,2025,94.3,36.7,15.3,1145,4432,"2026-10-02","23096"
"Jalen Coker","WR","CAR",24.9,2024,94.7,106.9,40,1134,851,"2026-10-02","26403"
"Davante Adams","WR","LAR",33.8,2014,94.7,108.4,44.4,1134,822,"2026-10-02","12123"
"2026 Pick 1.10","PICK",NA,NA,NA,95.825,87.9675,NA,1105,1329,"2026-10-02",NA
"Jared Goff","QB","DET",32,2016,96.4,41.4,15.6,1090,3969,"2026-10-02","15501"
"Matthew Golden","WR","GB",23.2,2025,97.1,108.6,41.8,1072,818,"2026-10-02","26024"
"Jaylen Warren","RB","PIT",27.9,2022,98.1,112.1,25.2,1047,754,"2026-10-02","24209"
"Jordan Love","QB","GB",27.9,2020,99.1,29.3,16,1023,5274,"2026-10-02","19246"
"Wan'Dale Robinson","WR","TEN",25.7,2022,99.6,113.4,46,1011,731,"2026-10-02","22985"
"Mike Evans","WR","SF",33.1,2014,99.6,113.1,45.4,1011,736,"2026-10-02","12119"
"David Montgomery","RB","HOU",29.3,2019,103.3,116.7,28.3,927,676,"2026-10-02","18239"
"2026 Pick 1.11","PICK",NA,NA,NA,103.835,95.5875,NA,915,1111,"2026-10-02",NA
"2027 Late 1st","PICK",NA,NA,NA,106.673199127565,98.6225741275649,NA,856,1034,"2026-10-02",NA
"Josh Jacobs","RB","GB",28.6,2019,107,118.7,32.7,849,645,"2026-10-02","18269"
"Jake Ferguson","TE","DAL",27.7,2022,108.1,120.3,15.4,828,621,"2026-10-02","22718"
"Eli Stowers","TE","PHI",23.5,2026,109.9,122.6,15.4,794,589,"2026-10-02","23144"
"Chuba Hubbard","RB","CAR",27.3,2021,110.3,123,29,786,583,"2026-10-02","19792"
"Brenton Strange","TE","JAC",25.8,2023,110.4,122.6,16,784,589,"2026-10-02","25345"
"Courtland Sutton","WR","DEN",31,2018,110.6,123.7,50.8,781,574,"2026-10-02","17253"
"Jakobi Meyers","WR","JAC",29.9,2019,110.6,122.1,50.4,781,596,"2026-10-02","18598"
"2026 Pick 1.12","PICK",NA,NA,NA,111.695,103.065,NA,761,932,"2026-10-02",NA
"Jonathon Brooks","RB","CAR",23.2,2024,112.1,162.6,40.7,754,230,"2026-10-02","26148"
"Blake Corum","RB","LAR",25.9,2024,112.4,124.1,27,748,568,"2026-10-02","23013"
"Omar Cooper Jr.","WR","NYJ",22.8,2026,112.7,124.3,53.4,743,566,"2026-10-02","28127"
"Jayden Reed","WR","GB",26.4,2023,113.3,125,51.8,733,556,"2026-10-02","23020"
"Quentin Johnston","WR","LAC",25.1,2023,113.4,125.3,51.6,731,553,"2026-10-02","23123"
"Terrance Ferguson","TE","LAR",23.6,2025,114.3,124.7,14.8,716,560,"2026-10-02","23091"
"Xavier Worthy","WR","KC",23.4,2024,115.3,126,52.6,699,544,"2026-10-02","23019"
"Fernando Mendoza","QB","LV",23,2026,115.6,51.3,19.4,694,3145,"2026-10-02","28013"
"Romeo Doubs","WR","NE",26.5,2022,116.6,127.9,50,678,520,"2026-10-02","23794"
"Jayden Higgins","WR","HOU",23.8,2025,116.7,128.4,51.6,676,514,"2026-10-02","27077"
"Antonio Williams","WR","WAS",22.2,2026,118,129.6,52.2,656,499,"2026-10-02","25418"
"Chris Godwin Jr.","WR","TB",30.6,2017,119.1,130,55.4,639,495,"2026-10-02","16406"
"2026 Pick 2.01","PICK",NA,NA,NA,119.405,110.4075,NA,635,784,"2026-10-02",NA
"RJ Harvey","RB","DEN",25.7,2025,121.3,133,29.7,607,461,"2026-10-02","27142"
"Baker Mayfield","QB","TB",31.5,2018,124.1,63.3,20.4,568,2372,"2026-10-02","17237"
"Kyle Monangai","RB","CHI",24.3,2025,126.6,137.1,31.3,536,419,"2026-10-02","27131"
"2026 Pick 2.02","PICK",NA,NA,NA,126.975,117.62,NA,531,662,"2026-10-02",NA
"Bryce Young","QB","CAR",25.2,2023,127,63.9,21,531,2339,"2026-10-02","22900"
"Jonah Coleman","RB","DEN",23.1,2026,127.6,138.3,32.2,523,407,"2026-10-02","27320"
"Sam Darnold","QB","SEA",29.3,2018,127.7,57,20.4,522,2751,"2026-10-02","17236"
"Juwan Johnson","TE","NO",30.1,2020,128.9,137.9,17.6,508,411,"2026-10-02","19562"
"De'Zhaun Stribling","WR","SF",23.8,2026,130.1,139.7,53.8,494,394,"2026-10-02","28138"
"Ricky Pearsall","WR","SF",26.1,2024,132.1,142.6,64,471,368,"2026-10-02","26214"
"Oronde Gadsden II","TE","LAC",23.3,2025,132.9,143.3,17.6,462,362,"2026-10-02","25997"
"Khalil Shakir","WR","BUF",26.7,2022,133.6,142.6,62.6,455,368,"2026-10-02","23748"
"Stefon Diggs","WR","WAS",32.8,2015,134.1,143.9,57.8,449,357,"2026-10-02","13981"
"2026 Pick 2.03","PICK",NA,NA,NA,134.395,124.6825,NA,446,561,"2026-10-02",NA
"Kyler Murray","QB","MIN",29.2,2019,135.1,53.5,22.4,439,2987,"2026-10-02","18600"
"Chig Okonkwo","TE","WAS",27.1,2022,135.3,144.9,19.2,437,349,"2026-10-02","23982"
"Rhamondre Stevenson","RB","NE",28.6,2021,137.1,146.4,34.2,419,337,"2026-10-02","22726"
"2027 Early 2nd","PICK",NA,NA,NA,137.529449127565,127.995699127565,NA,415,519,"2026-10-02",NA
"Matthew Stafford","QB","LAR",38.7,2009,138.3,73.4,23.3,407,1871,"2026-10-02","9451"
"Mark Andrews","TE","BAL",31.1,2018,138.9,147.4,20.6,401,329,"2026-10-02","17269"
"Chris Bell","WR","MIA",22.3,2026,139.7,148.3,65,394,322,"2026-10-02","26038"
"Zach Charbonnet","RB","SEA",25.7,2023,140,149.9,34.2,391,310,"2026-10-02","23152"
"Cam Ward","QB","TEN",24.4,2025,140.4,76.1,24,388,1756,"2026-10-02","24755"
"Adonai Mitchell","WR","NYJ",24,2024,141,149.8,60.8,382,311,"2026-10-02","24357"
"2026 Pick 2.04","PICK",NA,NA,NA,141.68,131.61,NA,376,476,"2026-10-02",NA
"Jacory Croskey-Merritt","RB","WAS",25.5,2025,143.4,151.9,34,361,296,"2026-10-02","27316"
"Tre' Harris","WR","LAC",24.6,2025,144.3,152.1,60.2,354,294,"2026-10-02","26215"
"Dallas Goedert","TE","PHI",31.7,2018,144.3,152.4,21.2,354,292,"2026-10-02","17270"
"Rico Dowdle","RB","PIT",28.3,2020,146.6,154.4,37.7,335,279,"2026-10-02","19647"
"Malik Willis","QB","MIA",27.4,2022,146.7,85.3,25.7,334,1415,"2026-10-02","23499"
"Daniel Jones","QB","IND",29.3,2019,147.9,92,26.6,325,1208,"2026-10-02","18232"
"2026 Pick 2.05","PICK",NA,NA,NA,148.835,138.4,NA,318,406,"2026-10-02",NA
"Deebo Samuel Sr.","WR","SF",30.7,2019,150.3,159.8,66.8,307,246,"2026-10-02","18244"
"AJ Barner","TE","SEA",24.4,2024,151.4,158.1,22.6,299,256,"2026-10-02","26335"
"Travis Kelce","TE","KC",37,2013,153.1,158.4,22.2,288,254,"2026-10-02","11594"
"Tony Pollard","RB","TEN",29.4,2019,153.4,159.7,41.7,285,246,"2026-10-02","18705"
"Rashid Shaheed","WR","SEA",28.1,2022,153.5,160.2,69.4,285,243,"2026-10-02","24687"
"Ty Simpson","QB","LAR",23.8,2026,153.9,107.9,27.9,282,832,"2026-10-02","25368"
"Tyreek Hill","WR","FA",32.6,2016,155.2,156.1,104,274,268,"2026-10-02","15802"
"2026 Pick 2.06","PICK",NA,NA,NA,155.85,145.055,NA,270,347,"2026-10-02",NA
"Rachaad White","RB","WAS",27.7,2022,155.9,161.6,41.8,269,235,"2026-10-02","23891"
"J.K. Dobbins","RB","DEN",27.8,2020,156.9,163.1,40.3,263,227,"2026-10-02","19245"
"Emmett Johnson","RB","KC",23,2026,157.4,163.3,37.7,260,226,"2026-10-02","28107"
"Tank Dell","WR","HOU",26.9,2023,157.8,231.4,104.6,257,46,"2026-10-02","25361"
"Brandon Aiyuk","WR","SF",28.5,2020,158.5,155,109,253,275,"2026-10-02","19252"
"Jordan Mason","RB","MIN",27.4,2022,159.6,163.4,40,247,226,"2026-10-02","22969"
"Kenny Gainwell","RB","TB",27.6,2021,159.7,164.9,41.5,246,218,"2026-10-02","23310"
"Michael Penix Jr.","QB","ATL",26.4,2024,160.4,110,28.6,242,792,"2026-10-02","22973"
"Anthony Richardson Sr.","QB","IND",24.4,2023,160.8,107.4,41.4,240,842,"2026-10-02","24347"
"2026 Pick 2.07","PICK",NA,NA,NA,162.735,151.5875,NA,229,298,"2026-10-02",NA
"Pat Bryant","WR","DEN",23.8,2025,163.3,168.7,70.4,226,199,"2026-10-02","27211"
"Travis Hunter","WR","JAC",23.4,2025,165.3,173,77,216,180,"2026-10-02","26034"
"2027 2nd","PICK",NA,NA,NA,165.383199127565,154.467574127565,NA,215,278,"2026-10-02",NA
"2027 Mid 2nd","PICK",NA,NA,NA,166.139449127565,155.175074127565,NA,212,274,"2026-10-02",NA
"T.J. Hockenson","TE","MIN",29.2,2019,167.3,171.3,24.6,206,187,"2026-10-02","18290"
"Ted Hurst III","WR","TB",22.3,2026,167.8,174.5,70,204,174,"2026-10-02","28130"
"Kayshon Boutte","WR","HOU",24.4,2023,168.3,173.2,72.8,201,179,"2026-10-02","22989"
"Dalton Schultz","TE","HOU",30.2,2018,168.8,175,25.6,199,172,"2026-10-02","17349"
"2026 Pick 2.08","PICK",NA,NA,NA,169.475,157.995,NA,196,256,"2026-10-02",NA
"Mike Washington Jr.","RB","LV",23.2,2026,170.3,174.3,44.5,192,175,"2026-10-02","28108"
"Jaylin Noel","WR","HOU",24.1,2025,171.3,177.3,74.2,187,163,"2026-10-02","27122"
"Ja'Kobi Lane","WR","BAL",22.2,2026,173.2,180.2,73,179,152,"2026-10-02","27337"
"Hunter Henry","TE","NE",31.8,2016,173.6,177.3,25.8,178,163,"2026-10-02","15561"
"Dontayvion Wicks","WR","PHI",25.3,2023,173.8,180.7,71.8,177,150,"2026-10-02","24354"
"Germie Bernard","WR","PIT",22.8,2026,174,181.5,78.2,176,148,"2026-10-02","26039"
"2028 2nd","PICK",NA,NA,NA,174.878669396255,163.963044396255,NA,172,223,"2026-10-02",NA
"Woody Marks","RB","HOU",25.8,2025,175.7,179.1,45.7,169,156,"2026-10-02","27520"
"2026 Pick 2.09","PICK",NA,NA,NA,176.055,164.255,NA,168,221,"2026-10-02",NA
"Eli Raridon","TE","NE",22.6,2026,176.4,182.4,27.4,166,144,"2026-10-02","28154"
"Tyler Allgeier","RB","ARI",26.5,2022,177.6,182.6,49.2,162,144,"2026-10-02","24172"
"Oscar Delp","TE","NO",23.2,2026,180.3,184.3,27.8,152,138,"2026-10-02","25430"
"Malachi Fields","WR","NYG",23.1,2026,180.8,185.8,76.4,150,133,"2026-10-02","27994"
"Jalen McMillan","WR","TB",24.8,2024,181.6,185.1,83.4,147,136,"2026-10-02","23179"
"Braelon Allen","RB","NYJ",22.7,2024,182,185.9,50,146,133,"2026-10-02","24346"
"Jauan Jennings","WR","MIN",29.2,2020,182,186.5,80,146,131,"2026-10-02","19590"
"Gunnar Helm","TE","TEN",24.1,2025,182.3,187.9,28.2,145,127,"2026-10-02","27109"
"2026 Pick 2.10","PICK",NA,NA,NA,182.485,170.385,NA,144,192,"2026-10-02",NA
"Chris Rodriguez Jr.","RB","JAC",26,2023,184,187.7,51.5,139,128,"2026-10-02","22986"
"Caleb Douglas","WR","MIA",23.1,2026,184.1,184.3,73.4,139,138,"2026-10-02","28135"
"Aaron Jones Sr.","RB","MIN",31.8,2017,186.4,190.9,50.8,131,118,"2026-10-02","16673"
"Pat Freiermuth","TE","PIT",27.9,2021,187.8,191.2,29.2,127,117,"2026-10-02","20163"
"2026 Pick 2.11","PICK",NA,NA,NA,188.78,176.3775,NA,124,166,"2026-10-02",NA
"Nicholas Singleton","RB","TEN",22.7,2026,189.7,193.1,51.8,122,112,"2026-10-02","24343"
"Tyrone Tracy Jr.","RB","NYG",26.9,2024,192.1,196,56.7,115,105,"2026-10-02","22980"
"2027 Late 2nd","PICK",NA,NA,NA,192.480699127565,180.231949127565,NA,114,152,"2026-10-02",NA
"Tre Tucker","WR","LV",25.6,2023,194,193.7,81,110,111,"2026-10-02","25337"
"2026 Pick 2.12","PICK",NA,NA,NA,194.94,182.2475,NA,108,145,"2026-10-02",NA
"Jerry Jeudy","WR","CLE",27.4,2020,195.3,199.3,87.2,107,97,"2026-10-02","19201"
"Tyjae Spears","RB","TEN",25.3,2023,196.3,198.1,56.2,104,100,"2026-10-02","25323"
"Keaton Mitchell","RB","LAC",24.7,2023,196.4,200.3,49.8,104,95,"2026-10-02","25360"
"Zachariah Branch","WR","ATL",22.5,2026,196.7,201,85.4,103,93,"2026-10-02","25419"
"Rashod Bateman","WR","BAL",26.8,2021,197,201.8,80,102,92,"2026-10-02","19794"
"Elijah Sarratt","WR","BAL",23.3,2026,197.1,201.6,81.8,102,92,"2026-10-02","27463"
"Tank Bigsby","RB","PHI",25.1,2023,197.1,199.4,54.8,102,97,"2026-10-02","22908"
"Dylan Sampson","RB","CLE",22,2025,198.1,202.1,53.2,100,91,"2026-10-02","27102"
"MarShawn Lloyd","RB","GB",25.7,2024,199.9,203.3,54.5,96,88,"2026-10-02","23118"
"2026 Pick 3.01","PICK",NA,NA,NA,200.99,188.005,NA,93,127,"2026-10-02",NA
"Troy Franklin","WR","DEN",23.7,2024,202.9,203.1,83.8,89,89,"2026-10-02","23092"
"Max Klare","TE","LAR",23.2,2026,204.6,205.3,31.6,86,84,"2026-10-02","27993"
"Isaac TeSlaa","WR","DET",24.6,2025,206.2,209.5,86.2,83,76,"2026-10-02","27446"
"2026 Pick 3.02","PICK",NA,NA,NA,206.905,193.615,NA,81,111,"2026-10-02",NA
"Geno Smith","QB","NYJ",36,2013,207,141.7,32.4,81,376,"2026-10-02","11687"
"Mason Taylor","TE","NYJ",22.4,2025,208.7,212,33.8,78,72,"2026-10-02","26005"
"Brian Robinson Jr.","RB","ATL",27.5,2022,209.7,213.3,56.8,76,70,"2026-10-02","20094"
"Kaelon Black","RB","SF",25,2026,209.8,206,44.2,76,83,"2026-10-02","28401"
"2026 Pick 3.03","PICK",NA,NA,NA,212.675,199.0625,NA,71,98,"2026-10-02",NA
"Jacoby Brissett","QB","ARI",33.8,2016,213,128,33.4,70,519,"2026-10-02","15642"
"Ryan Flournoy","WR","DAL",26.9,2024,213.2,207.7,82,70,80,"2026-10-02","26398"
"Mac Jones","QB","SF",28.1,2021,214.6,175.3,33.6,68,171,"2026-10-02","20156"
"2027 Early 3rd","PICK",NA,NA,NA,216.635699127565,203.177574127565,NA,65,89,"2026-10-02",NA
"Jalen Nailor","WR","LV",27.6,2022,216.7,216.3,85.4,65,65,"2026-10-02","24177"
"Bryce Lance","WR","NO",24.1,2026,217,219,82.6,64,61,"2026-10-02","28129"
"Malik Washington","WR","MIA",25.7,2024,217.4,216.6,96.2,63,65,"2026-10-02","26314"
"Cyrus Allen","WR","KC",23.6,2026,217.4,220,92.4,63,60,"2026-10-02","28424"
"Aaron Rodgers","QB","PIT",42.8,2005,217.6,128.6,34.9,63,511,"2026-10-02","9001"
"Shedeur Sanders","QB","CLE",24.6,2025,218,161.2,33.3,63,238,"2026-10-02","25968"
"2026 Pick 3.04","PICK",NA,NA,NA,218.31,204.365,NA,62,86,"2026-10-02",NA
"Michael Mayer","TE","LV",25.2,2023,219.6,221,31.8,60,58,"2026-10-02","23056"
"J.J. McCarthy","QB","NYG",NA,NA,219.8,162,34.7,60,233,"2026-10-02","23018"
"Chris Brazzell II","WR","CAR",22.9,2026,220,220.6,91.8,60,59,"2026-10-02","28047"
"Tua Tagovailoa","QB","ATL",28.6,2020,220.7,105.4,34.7,59,882,"2026-10-02","19198"
"Devaughn Vele","WR","NO",28.8,2024,220.7,216.8,89.4,59,64,"2026-10-02","26409"
"Greg Dulcich","TE","MIA",26.5,2022,221.2,214,31.6,58,69,"2026-10-02","23153"
"Cade Otton","TE","TB",27.5,2022,223,222.3,36.4,56,57,"2026-10-02","23181"
"Elic Ayomanor","WR","TEN",23.3,2025,223.3,218.8,97,55,61,"2026-10-02","27059"
"2026 Pick 3.05","PICK",NA,NA,NA,223.83,209.5325,NA,55,76,"2026-10-02",NA
"Kyle Williams","WR","NE",23.9,2025,224,225.3,95.4,54,53,"2026-10-02","27487"
"Kaleb Johnson","RB","GB",23.1,2025,225.9,222,60,52,57,"2026-10-02","27165"
"Darnell Mooney","WR","NYG",28.9,2020,226.8,226.2,97.2,51,52,"2026-10-02","19810"
"Alvin Kamara","RB","NO",31.2,2017,227.3,224.4,60.6,50,54,"2026-10-02","16421"
"Chimere Dike","WR","TEN",24.8,2025,228.2,224,98.8,49,54,"2026-10-02","27315"
"Calvin Ridley","WR","TEN",31.8,2018,228.2,224.2,98,49,54,"2026-10-02","17258"
"Keon Coleman","WR","BUF",23.4,2024,228.8,226.7,97.2,49,51,"2026-10-02","26019"
"2026 Pick 3.06","PICK",NA,NA,NA,229.235,214.59,NA,48,68,"2026-10-02",NA
"Skyler Bell","WR","BUF",24.2,2026,232,230.6,97.8,45,47,"2026-10-02","28126"
"Kimani Vidal","RB","LAC",25.1,2024,233,231.2,62.6,44,46,"2026-10-02","26355"
"Darnell Washington","TE","PIT",25.1,2023,234.2,229,38,43,48,"2026-10-02","22967"
"2026 Pick 3.07","PICK",NA,NA,NA,234.535,219.5525,NA,42,60,"2026-10-02",NA
"Konata Mumpfield","WR","LAR",23.9,2025,235,235.7,98,42,41,"2026-10-02","27449"
"David Njoku","TE","LAC",30.2,2017,235.1,227.4,39,42,50,"2026-10-02","16399"
"Ollie Gordon II","RB","MIA",22.7,2025,236.1,229.3,57.7,41,48,"2026-10-02","25984"
"Keenan Allen","WR","IND",34.4,2013,237.2,232.4,101.4,40,45,"2026-10-02","11616"
"2027 3rd","PICK",NA,NA,NA,238.176532460898,223.332157460898,NA,39,55,"2026-10-02",NA
"2027 Mid 3rd","PICK",NA,NA,NA,238.748199127565,223.942574127565,NA,38,54,"2026-10-02",NA
"Kaytron Allen","RB","WAS",23.7,2026,239.4,232.6,62.5,38,44,"2026-10-02","24362"
"2026 Pick 3.08","PICK",NA,NA,NA,239.73,224.4325,NA,38,54,"2026-10-02",NA
"Jack Bech","WR","LV",23.8,2025,240,233.7,96.2,37,43,"2026-10-02","27224"
"Tory Horton","WR","SEA",23.8,2025,241.4,233.7,97.6,36,43,"2026-10-02","26022"
"Matt Hibner","TE","BAL",NA,NA,241.8,233.2,37,36,44,"2026-10-02","28168"
"Kirk Cousins","QB","LV",38.1,2012,242,154.7,37.5,36,277,"2026-10-02","11177"
"2026 Pick 3.09","PICK",NA,NA,NA,244.835,229.195,NA,33,48,"2026-10-02",NA
"Deshaun Watson","QB","CLE",31,2017,245,160.8,38.7,33,240,"2026-10-02","16398"
"Jaylen Wright","RB","MIA",23.5,2024,246.3,238.3,59.4,32,39,"2026-10-02","25987"
"2028 3rd","PICK",NA,NA,NA,247.672002729588,232.827627729588,NA,31,44,"2026-10-02",NA
"Elijah Arroyo","TE","SEA",23.5,2025,249.4,238.8,37.6,30,38,"2026-10-02","23004"
"Marvin Mims Jr.","WR","DEN",24.5,2023,249.8,242,105.4,30,36,"2026-10-02","23080"
"2026 Pick 3.10","PICK",NA,NA,NA,249.845,233.7925,NA,30,43,"2026-10-02",NA
"Kevin Coleman Jr.","WR","MIA",23.1,2026,250.6,242.4,92.8,29,35,"2026-10-02","28067"
"2026 Pick 3.11","PICK",NA,NA,NA,254.74,238.2525,NA,26,39,"2026-10-02",NA
"Isiah Pacheco","RB","DET",27.6,2022,255.1,241,75,26,36,"2026-10-02","24333"
"Carson Beck","QB","ARI",24.9,2026,255.2,212,40.6,26,72,"2026-10-02","22953"
"Emanuel Wilson","RB","SEA",27.4,2023,256.7,243.7,69.6,25,34,"2026-10-02","25885"
"Tyson Bagent","QB","CHI",26.3,2023,257.4,222.5,42.6,25,56,"2026-10-02","25321"
"2027 Late 3rd","PICK",NA,NA,NA,259.145699127565,242.876324127565,NA,24,35,"2026-10-02",NA
"2026 Pick 3.12","PICK",NA,NA,NA,259.5,242.6025,NA,24,35,"2026-10-02",NA
"Cooper Kupp","WR","SEA",33.3,2017,260.4,249,115.4,23,30,"2026-10-02","16433"
"Ray Davis","RB","BUF",26.9,2024,264,246.8,66.8,21,32,"2026-10-02","26191"
"Justin Fields","QB","KC",27.6,2021,264,180,45.6,21,153,"2026-10-02","19781"
"2026 Pick 4.01","PICK",NA,NA,NA,264.105,246.89,NA,21,32,"2026-10-02",NA
"Carson Wentz","QB","MIN",NA,NA,265,248.5,56.3,21,31,"2026-10-02","15520"
"Cole Payton","QB","PHI",23.9,2026,266.2,338.3,44.6,20,4,"2026-10-02","28302"
"Darius Slayton","WR","IND",NA,NA,266.6,253,115.2,20,27,"2026-10-02","18706"
"Marcus Mariota","QB","WAS",32.9,2015,268.2,231,46.6,19,46,"2026-10-02","13890"
"2026 Pick 4.02","PICK",NA,NA,NA,268.52,251.085,NA,19,29,"2026-10-02",NA
"Demond Claiborne","RB","MIN",23,2026,271.4,254.7,68,18,26,"2026-10-02","28084"
"2026 Pick 4.03","PICK",NA,NA,NA,272.81,255.005,NA,17,26,"2026-10-02",NA
"DeMario Douglas","WR","NE",25.8,2023,273,254.8,106.6,17,26,"2026-10-02","25304"
"Evan Engram","TE","DEN",32.1,2017,273.8,255.4,44,17,26,"2026-10-02","16411"
"Brenen Thompson","WR","LAC",23.2,2026,274.4,256,106.2,17,26,"2026-10-02","28133"
"Cole Kmet","TE","CHI",27.6,2020,275.4,256.8,43.4,16,25,"2026-10-02","19229"
"Roman Wilson","WR","PIT",NA,NA,275.5,270,147,16,18,"2026-10-02","28896"
"Malik Benson","WR","LV",24,2026,276,266,110.7,16,20,"2026-10-02","26012"
"Adam Randall","RB","BAL",22.2,2026,276.4,260.2,70,16,23,"2026-10-02","24367"
"Colby Parkinson","TE","LAR",27.7,2020,277,256.2,41.4,16,25,"2026-10-02","19372"
"2026 Pick 4.04","PICK",NA,NA,NA,277.02,258.8825,NA,16,24,"2026-10-02",NA
"Jalen Milroe","QB","SEA",23.8,2025,277.2,247.5,47.8,16,31,"2026-10-02","22884"
"2027 Early 4th","PICK",NA,NA,NA,277.529449127565,259.881324127565,NA,15,23,"2026-10-02",NA
"Theo Johnson","TE","NYG",25.6,2024,278.2,256.8,44.2,15,25,"2026-10-02","23104"
"Tyquan Thornton","WR","KC",26.2,2022,279.6,262,102.2,15,22,"2026-10-02","22913"
"Drew Allar","QB","PIT",22.6,2026,280.2,342.1,48.4,15,3,"2026-10-02","24345"
"Taylen Green","QB","CLE",24,2026,280.6,342.5,48.8,14,3,"2026-10-02","28094"
"2026 Pick 4.05","PICK",NA,NA,NA,281.13,262.6925,NA,14,22,"2026-10-02",NA
"Jalen Tolbert","WR","MIA",27.6,2022,282.8,264.5,127,14,21,"2026-10-02","23770"
"Joe Flacco","QB","CIN",41.7,2008,284,350.3,56.6,13,3,"2026-10-02","9300"
"Sam Roush","TE","CHI",23.1,2026,284.4,263.2,46,13,22,"2026-10-02","28161"
"Hollywood Brown","WR","PHI",29.3,2019,284.4,266.6,124.6,13,20,"2026-10-02","18226"
"Jack Strand","QB","ATL",22.3,2026,284.5,351,57.3,13,3,"2026-10-02","28428"
"Erick All Jr.","TE","CIN",26.1,2024,284.8,264.5,44.2,13,21,"2026-10-02","23837"
"2026 Pick 4.06","PICK",NA,NA,NA,285.105,266.415,NA,13,20,"2026-10-02",NA
"Devin Neal","RB","MIN",NA,NA,285.2,261.6,84.8,13,22,"2026-10-02","23682"
"Xavier Legette","WR","CAR",25.7,2024,287,262.2,115,12,22,"2026-10-02","26136"
"James Conner","RB","ARI",31.4,2017,288,264,74.2,12,21,"2026-10-02","16447"
"2026 Pick 4.07","PICK",NA,NA,NA,288.915,270.0375,NA,12,18,"2026-10-02",NA
"Jameis Winston","QB","NYG",32.7,2015,289,226,50.2,12,52,"2026-10-02","13891"
"Cade Klubnik","QB","NYJ",23,2026,289.6,342.3,48.6,12,3,"2026-10-02","24361"
"Sean Tucker","RB","TB",24.9,2023,290.2,262.8,71.4,11,22,"2026-10-02","23679"
"Christian Kirk","WR","SF",29.9,2018,290.6,267.8,116.4,11,19,"2026-10-02","17268"
"Seth McGowan","RB","IND",24.9,2026,290.8,262.7,70,11,22,"2026-10-02","23079"
"Calvin Austin III","WR","NYG",27.5,2022,291.2,267.8,120,11,19,"2026-10-02","23739"
"2026 Pick 4.08","PICK",NA,NA,NA,292.54,273.53,NA,11,17,"2026-10-02",NA
"2027 4th","PICK",NA,NA,NA,292.991115794232,274.578199127565,NA,11,17,"2026-10-02",NA
"2027 Mid 4th","PICK",NA,NA,NA,293.838199127565,275.084449127565,NA,11,16,"2026-10-02",NA
"Trey Benson","RB","ARI",24.2,2024,294.3,264,75.5,10,21,"2026-10-02","25388"
"Spencer Rattler","QB","NO",26,2024,294.5,348.1,54.4,10,3,"2026-10-02","23081"
"Kendre Miller","RB","NO",24.3,2023,294.7,267.2,69.8,10,20,"2026-10-02","24360"
"Darren Waller","TE","CAR",34.1,2015,295.8,275.2,48.2,10,16,"2026-10-02","14104"
"2026 Pick 4.09","PICK",NA,NA,NA,295.96,276.9325,NA,10,16,"2026-10-02",NA
"Mike Gesicki","TE","CIN",31,2018,297,269.2,45.2,10,19,"2026-10-02","17272"
"Haynes King","QB","CAR",NA,NA,297,353.4,59.7,10,3,"2026-10-02","23141"
"Jalen Royals","WR","KC",23.6,2025,297.8,270,113.6,10,18,"2026-10-02","27076"
"Charlie Kolar","TE","LAC",27.6,2022,298,269.8,44.8,10,19,"2026-10-02","22756"
"Joe Milton III","QB","DAL",NA,NA,298.2,344.2,50.5,10,3,"2026-10-02","25967"
"2026 Pick 4.10","PICK",NA,NA,NA,299.21,280.2625,NA,9,14,"2026-10-02",NA
"Davis Mills","QB","HOU",27.9,2021,302.3,347.9,54.2,9,3,"2026-10-02","22799"
"2026 Pick 4.11","PICK",NA,NA,NA,302.305,283.5225,NA,9,13,"2026-10-02",NA
"2028 4th","PICK",NA,NA,NA,302.486586062921,284.073669396255,NA,9,13,"2026-10-02",NA
"Marlin Klein","TE","HOU",24,2026,302.8,273.2,46.5,9,17,"2026-10-02","28157"
"Andrei Iosivas","WR","CIN",27,2023,303.6,273.8,119.2,8,17,"2026-10-02","25335"
"2026 Pick 4.12","PICK",NA,NA,NA,305.285,286.695,NA,8,12,"2026-10-02",NA
"Jarquez Hunter","RB","MIA",NA,NA,305.5,276,82.6,8,16,"2026-10-02","24335"
"Colbie Young","WR","CIN",24.2,2026,306.7,285.7,119.3,8,13,"2026-10-02","26037"
"Joshua Palmer","WR","BUF",27,2021,307,276.8,118.5,8,16,"2026-10-02","22845"
"Eli Heidenreich","RB","PIT",23.3,2026,307,275.6,74.2,8,16,"2026-10-02","28297"
"Quinn Ewers","QB","JAC",23.4,2025,307.2,349.3,55.6,8,3,"2026-10-02","23680"
"2027 Late 4th","PICK",NA,NA,NA,307.605699127565,288.768824127565,NA,8,12,"2026-10-02",NA
"2026 Pick 5.01","PICK",NA,NA,NA,308.17,289.7875,NA,8,12,"2026-10-02",NA
"Will Howard","QB","PIT",25,2025,309,346.7,53,7,3,"2026-10-02","25972"
"Zavion Thomas","WR","CHI",22.6,2026,309,287.3,144.2,7,12,"2026-10-02","28132"
"Jonnu Smith","TE","GB",31.1,2017,309,287.7,50,7,12,"2026-10-02","16460"
"Najee Harris","RB","NYG",28.6,2021,309.5,275.5,76.8,7,16,"2026-10-02","19302"
"Justin Joly","TE","MIA",22.2,2026,309.8,277.5,55,7,15,"2026-10-02","28079"
"2026 Pick 5.02","PICK",NA,NA,NA,310.99,292.7675,NA,7,11,"2026-10-02",NA
"Isaiah Davis","RB","NYJ",24.6,2024,312.2,279.3,76.8,7,15,"2026-10-02","25977"
"2026 Pick 5.03","PICK",NA,NA,NA,313.655,295.6425,NA,7,10,"2026-10-02",NA
"Raheim Sanders","RB","CLE",24.3,2025,313.7,289.7,86.8,7,12,"2026-10-02","24351"
"Chris Brooks","RB","GB",26.7,2023,314,279.5,76.4,7,15,"2026-10-02","25823"
"Mack Hollins","WR","NE",33,2017,314.2,280.4,112.4,7,14,"2026-10-02","16489"
"Drew Lock","QB","SEA",29.9,2019,315.5,353,59.3,6,3,"2026-10-02","18225"
"Tez Johnson","WR","TB",24.4,2025,315.6,284.6,122.4,6,13,"2026-10-02","27147"
"2026 Pick 5.04","PICK",NA,NA,NA,316.095,298.4025,NA,6,9,"2026-10-02",NA
"Ben Sinnott","TE","WAS",24.3,2024,316.8,280.6,50.2,6,14,"2026-10-02","26310"
"Jordan James","RB","SF",22.5,2025,316.8,283.8,74.5,6,13,"2026-10-02","27310"
"CJ Daniels","WR","LAR",24.7,2026,317.2,287,122.2,6,12,"2026-10-02","28125"
"Barion Brown","WR","NO",22.8,2026,317.8,290,120.2,6,12,"2026-10-02","25416"
"Mason Rudolph","QB","PIT",NA,NA,318,356.9,63.2,6,2,"2026-10-02","17234"
"2026 Pick 5.05","PICK",NA,NA,NA,318.375,301.07,NA,6,9,"2026-10-02",NA
"Cedric Tillman","WR","NO",NA,NA,318.5,292,128.2,6,11,"2026-10-02","25287"
"Tai Felton","WR","MIN",23.6,2025,319,299,135,6,9,"2026-10-02","27182"
"2027 Early 5th","PICK",NA,NA,NA,319.143199127565,301.065699127565,NA,6,9,"2026-10-02",NA
"Garrett Nussmeier","QB","KC",24.7,2026,319.2,350.9,57.2,6,3,"2026-10-02","22998"
"Tanner McKee","QB","PHI",26.4,2023,319.3,349.4,55.7,6,3,"2026-10-02","24740"
"2026 Pick 5.06","PICK",NA,NA,NA,320.54,303.675,NA,6,8,"2026-10-02",NA
"Samaje Perine","RB","CIN",31,2017,321.3,294.3,91,6,10,"2026-10-02","16423"
"Will Shipley","RB","PHI",24.1,2024,322,285.2,81.8,5,13,"2026-10-02","22930"
"Jaydon Blue","RB","PHI",22.7,2025,322,292.2,85.6,5,11,"2026-10-02","24344"
"Xavier Hutchinson","WR","HOU",26.3,2023,322,294.3,128.2,5,10,"2026-10-02","25332"
"J'Mari Taylor","RB","JAC",NA,NA,322.3,294.3,96.2,5,10,"2026-10-02","28109"
"Isaiah Bond","WR","CLE",22.5,2025,322.6,292.6,123.2,5,11,"2026-10-02","24371"
"Tanner Koziol","TE","JAC",23.7,2026,322.6,284.8,49.8,5,13,"2026-10-02","27499"
"2026 Pick 5.07","PICK",NA,NA,NA,322.65,306.2275,NA,5,8,"2026-10-02",NA
"Ja'Tavion Sanders","TE","CAR",23.5,2024,324,290,55.4,5,12,"2026-10-02","24334"
"Dohnte Meyers","WR","CIN",26.2,2025,324,302,158.3,5,9,"2026-10-02","28178"
"2026 Pick 5.08","PICK",NA,NA,NA,324.765,308.7575,NA,5,7,"2026-10-02",NA
"Trevor Etienne","RB","CAR",22.2,2025,325,295.5,89.4,5,10,"2026-10-02","25393"
"Josh Cameron","WR","JAC",NA,NA,325,322.3,133.3,5,5,"2026-10-02","28137"
"KeAndre Lambert-Smith","WR","LAC",25,2025,325.5,313.6,133.8,5,7,"2026-10-02","24372"
"Jaylin Lane","WR","WAS",24.4,2025,325.9,311.8,134.2,5,7,"2026-10-02","27454"
"J. Michael Sturdivant","WR","GB",NA,NA,326.2,322.5,134.5,5,5,"2026-10-02","26139"
"Tyler Higbee","TE","LAR",33.7,2016,326.5,288.2,55.8,5,12,"2026-10-02","15623"
"Dawson Knox","TE","BUF",29.9,2019,326.8,288.4,53.2,5,12,"2026-10-02","18631"
"2026 Pick 5.09","PICK",NA,NA,NA,326.84,311.225,NA,5,7,"2026-10-02",NA
"Tutu Atwell","WR","LAR",27,2021,327.2,299.5,126.5,5,9,"2026-10-02","20126"
"Eric Rivers Jr.","WR","TB",NA,NA,327.4,329.7,135.7,5,5,"2026-10-02","28128"
"Devontez Walker","WR","BAL",25.3,2024,328,301.3,128.7,5,9,"2026-10-02","26011"
"2027 5th","PICK",NA,NA,NA,328.073199127565,311.505699127565,NA,5,7,"2026-10-02",NA
"2027 Mid 5th","PICK",NA,NA,NA,328.498199127565,311.848199127565,NA,5,7,"2026-10-02",NA
"2026 Pick 5.10","PICK",NA,NA,NA,328.8,313.59,NA,5,7,"2026-10-02",NA
"Jeff Caldwell","WR","KC",NA,NA,329,332,137.3,5,4,"2026-10-02","28425"
"Trey Lance","QB","LAC",26.4,2021,329.7,353.5,59.8,5,3,"2026-10-02","20082"
"Kendrick Law","WR","DET",NA,NA,329.7,330.5,138,5,4,"2026-10-02","26044"
"George Holani","RB","SEA",26.8,2024,329.8,291.4,75,5,11,"2026-10-02","22915"
"2026 Pick 5.11","PICK",NA,NA,NA,330.635,315.8675,NA,4,6,"2026-10-02",NA
"Tyren Montgomery","WR","TEN",NA,NA,331.4,337.3,139.7,4,4,"2026-10-02","28423"
"Jerome Ford","RB","FA",NA,NA,331.7,296.7,98,4,10,"2026-10-02","22921"
"Jahan Dotson","WR","ATL",26.5,2022,332.2,295,136.8,4,10,"2026-10-02","23101"
"2026 Pick 5.12","PICK",NA,NA,NA,332.375,318.0675,NA,4,6,"2026-10-02",NA
"Noah Fant","TE","NO",28.9,2019,333.6,293.4,53.5,4,11,"2026-10-02","17527"
"Savion Williams","WR","GB",24.9,2025,333.8,293.8,124,4,11,"2026-10-02","27144"
"Isaac Guerendo","RB","SF",26.3,2024,334.2,296.8,91.8,4,10,"2026-10-02","26392"
"Brashard Smith","RB","KC",23.5,2025,334.4,296.8,86.6,4,10,"2026-10-02","27259"
"Chase Roberts","WR","FA",NA,NA,334.7,341,143,4,3,"2026-10-02","28131"
"Dont'e Thornton Jr.","WR","LV",23.8,2025,334.9,316.7,143.2,4,6,"2026-10-02","27288"
"Jordan Watkins","WR","SF",24.6,2025,335.9,318,144.2,4,6,"2026-10-02","27486"
"Kendrick Bourne","WR","ARI",31.2,2017,336.2,327.3,144.5,4,5,"2026-10-02","17066"
"Luke McCaffrey","WR","WAS",25.5,2024,336.5,347,144.8,4,3,"2026-10-02","26328"
"2027 Late 5th","PICK",NA,NA,NA,336.578199127565,321.603199127565,NA,4,5,"2026-10-02",NA
"Olamide Zaccheaus","WR","ATL",29.2,2019,336.7,342.8,145,4,3,"2026-10-02","18864"
"Jake Tonges","TE","SF",27.2,2022,337,307,55,4,8,"2026-10-02","24778"
"John Metchie III","WR","CAR",26.2,2022,337.3,302.3,143,4,9,"2026-10-02","22895"
"2028 5th","PICK",NA,NA,NA,337.568669396255,321.001169396255,NA,4,6,"2026-10-02",NA
"Treylon Burks","WR","WAS",26.5,2022,337.7,332.7,146,4,4,"2026-10-02","22905"
"Dyami Brown","WR","WAS",26.9,2021,337.7,346.5,146,4,3,"2026-10-02","20113"
"LeQuint Allen Jr.","RB","JAC",22.2,2025,338.4,327,86.4,4,5,"2026-10-02","27285"
"DeAndre Hopkins","WR","BAL",34.3,2013,338.4,338.2,146.7,4,4,"2026-10-02","11606"
"Devin Singletary","RB","NYG",29.1,2019,338.8,300.8,91.2,4,9,"2026-10-02","18280"
"Riley Leonard","QB","IND",24.1,2025,339,351.3,57.6,4,3,"2026-10-02","25373"
"DJ Giddens","RB","IND",23.1,2025,339.2,299,83.2,4,9,"2026-10-02","27097"
"Jack Endries","TE","CIN",22.5,2026,339.8,296.8,56,4,10,"2026-10-02","27501"
"Justice Hill","RB","BAL",28.9,2019,340,296.8,83.6,4,10,"2026-10-02","18256"
"Zach Ertz","TE","PHI",NA,NA,341,316,59,3,6,"2026-10-02","11689"
"Malik Davis","RB","DAL",27.8,2022,341.2,304.8,91,3,8,"2026-10-02","24205"
"Deion Burks","WR","IND",23.7,2026,341.5,305.2,137.8,3,8,"2026-10-02","27093"
"Mitchell Evans","TE","CAR",23.5,2025,341.5,312.4,59.5,3,7,"2026-10-02","27138"
"Noah Gray","TE","KC",27.4,2021,341.7,314.8,59.7,3,6,"2026-10-02","19539"
"Demarcus Robinson","WR","SF",32,2016,342.2,342,150.5,3,3,"2026-10-02","15665"
"Michael Trigg","TE","DAL",NA,NA,342.7,305.3,68,3,8,"2026-10-02","23167"
"Tahj Brooks","RB","CIN",24.4,2025,343.4,303,85.4,3,8,"2026-10-02","26212"
"Efton Chism III","WR","NE",24.9,2025,343.7,343.5,152,3,3,"2026-10-02","27445"
"Audric Estime","RB","MIN",NA,NA,344.8,332,92.8,3,4,"2026-10-02","23054"
"Seydou Traore","TE","MIA",NA,NA,345,318,58.5,3,6,"2026-10-02","28163"
"Nate Boerkircher","TE","JAC",NA,NA,345.2,326.5,63.2,3,5,"2026-10-02","28427"
"Reggie Virgil","WR","ARI",22.4,2026,345.7,345.5,154,3,3,"2026-10-02","28141"
"Jordan Whittington","WR","LAR",26,2024,346.2,303,133,3,8,"2026-10-02","23135"
"Nick Westbrook-Ikhine","WR","IND",NA,NA,346.2,346,154.5,3,3,"2026-10-02","19747"
"Will Levis","QB","NYJ",NA,NA,346.8,353.7,60,3,3,"2026-10-02","22987"
"Bam Knight","RB","ARI",25.5,2022,347,347,95,3,3,"2026-10-02","24901"
"KaVontae Turpin","WR","DAL",30.2,2022,347,346,155.3,3,3,"2026-10-02","18520"
"Emari Demercado","RB","DAL",27.7,2023,347.5,308.8,95.2,3,7,"2026-10-02","25654"
"Joe Royer","TE","CLE",NA,NA,348.2,335.7,66.2,3,4,"2026-10-02","27312"
"Dillon Gabriel","QB","CLE",25.8,2025,348.8,355.7,62,3,2,"2026-10-02","23150"
"Roman Hemby","RB","LV",NA,NA,348.8,345.5,96.8,3,3,"2026-10-02","25387"
"Tommy Tremble","TE","CAR",26.3,2021,349,307.7,66.7,3,8,"2026-10-02","22795"
"Elijah Moore","WR","PHI",26.5,2021,349.2,348,157.5,3,3,"2026-10-02","20114"
"Luke Musgrave","TE","GB",26.1,2023,349.5,321.7,67.5,3,5,"2026-10-02","25282"
"Ty Johnson","RB","BUF",29,2019,349.8,310.8,90.2,3,7,"2026-10-02","18406"
"Gardner Minshew II","QB","ARI",30.4,2019,349.8,356.7,63,3,2,"2026-10-02","18562"
"Dean Connors","RB","LAR",NA,NA,350,346.7,98,3,3,"2026-10-02","28113"
"CJ Donaldson","RB","NO",NA,NA,350,346.7,98,3,3,"2026-10-02","25396"
"Greg Dortch","WR","BUF",NA,NA,350,349.8,158.3,3,3,"2026-10-02","18585"
"Kalif Raymond","WR","CHI",32.2,2016,350.2,349.5,158.5,3,3,"2026-10-02","16081"
"Kenny Pickett","QB","CAR",28.3,2022,350.8,357.7,64,3,2,"2026-10-02","22722"
"Jake Browning","QB","FA",NA,NA,350.8,357.7,64,3,2,"2026-10-02","18557"
"Jaren Kanak","TE","TEN",NA,NA,351,335.5,69,3,4,"2026-10-02","28160"
"Kareem Hunt","RB","FA",NA,NA,351,347.7,99,3,3,"2026-10-02","16425"
"Jalon Daniels","QB","TB",23.9,2026,351.1,358,64.3,3,2,"2026-10-02","26060"
"Dallen Bentley","TE","DEN",NA,NA,351.2,338.5,69.2,3,4,"2026-10-02","28352"
"Tyler Badie","RB","DEN",26.7,2022,351.3,349.5,99.3,3,3,"2026-10-02","23812"
"Jimmy Horn Jr.","WR","CLE",NA,NA,351.4,351.2,159.7,3,3,"2026-10-02","27294"
"Riley Nowakowski","TE","PIT",NA,NA,351.5,347,69.5,3,3,"2026-10-02","28437"
"Foster Moreau","TE","HOU",29.4,2019,352.3,342.5,70.3,3,3,"2026-10-02","18397"
"Tyler Huntley","QB","BAL",28.7,2020,352.8,359.7,66,3,2,"2026-10-02","19297"
"Zach Wilson","QB","NO",NA,NA,352.8,359.7,66,3,2,"2026-10-02","22679"
"Elijah Higgins","TE","ARI",25.9,2023,353,343,71,3,3,"2026-10-02","23119"
"Jared Wiley","TE","KC",25.9,2024,353,347.2,71,3,3,"2026-10-02","26343"
"Cade Stover","TE","HOU",26.3,2024,353.2,336,71.2,3,4,"2026-10-02","25269"
"Kaden Wetjen","WR","PIT",NA,NA,353.2,353,161.5,3,3,"2026-10-02","28435"
"Robert Henry Jr.","RB","WAS",NA,NA,353.3,347.7,101.3,3,3,"2026-10-02","28404"
"Adam Trautman","TE","DEN",29.7,2020,354,348.2,72,3,3,"2026-10-02","19423"
"Jaleel McLaughlin","RB","CLE",26.1,2023,354.2,350.9,102.2,3,3,"2026-10-02","25876"
"Josh Cuevas","TE","BAL",NA,NA,354.7,348.9,72.7,3,3,"2026-10-02","28155"
"Jimmy Garoppolo","QB","LAR",NA,NA,355.1,362,68.3,2,2,"2026-10-02","12208"
"Aidan O'Connell","QB","LV",28.1,2023,355.3,362.2,68.5,2,2,"2026-10-02","24330"
"Andy Dalton","QB","PHI",NA,NA,355.5,362.4,68.7,2,2,"2026-10-02","9907"
"Austin Hooper","TE","ATL",NA,NA,355.8,334,73.8,2,4,"2026-10-02","15581"
"Sam Howell","QB","DAL",26,2022,356.1,363,69.3,2,2,"2026-10-02","23045"
"Will Kacmarek","TE","MIA",NA,NA,356.2,350.4,74.2,2,3,"2026-10-02","28403"
"Eric McAlister","WR","FA",NA,NA,356.7,356.5,165,2,2,"2026-10-02","28134"
"Tyrod Taylor","QB","GB",NA,NA,357.1,364,70.3,2,2,"2026-10-02","10007"
"Jarrett Stidham","QB","DEN",NA,NA,357.5,364.4,70.7,2,2,"2026-10-02","18604"
"Terion Stewart","RB","FA",NA,NA,358,354.7,106,2,3,"2026-10-02","28111"
"Jam Miller","RB","FA",22.4,2026,358.5,355.2,106.5,2,2,"2026-10-02","27326"
"Carsen Ryan","TE","CLE",NA,NA,358.5,352.7,76.5,2,3,"2026-10-02","28399"
"Jaydn Ott","RB","KC",NA,NA,359.3,356,107.3,2,2,"2026-10-02","25394"
"Josh Oliver","TE","MIN",29.5,2019,359.8,354,77.8,2,3,"2026-10-02","18487"
"Roschon Johnson","RB","CHI",25.7,2023,360,356.7,108,2,2,"2026-10-02","25322"
"Kyle McCord","QB","MIA",24,2025,360.5,367.4,73.7,2,2,"2026-10-02","23066"
"Austin Ekeler","RB","WAS",NA,NA,360.5,357.2,108.5,2,2,"2026-10-02","16483"
"Dae'Quan Wright","TE","FA",NA,NA,362,356.2,80,2,2,"2026-10-02","28159"
"Mitchell Trubisky","QB","TEN",NA,NA,362.1,369,75.3,2,2,"2026-10-02","16381"
"Jelani Woods","TE","NYJ",NA,NA,362.3,356.5,80.3,2,2,"2026-10-02","23829"
"Brady Cook","QB","MIA",NA,NA,362.3,369.2,75.5,2,2,"2026-10-02","27161"
"Josh Whyle","TE","GB",NA,NA,363,357.2,81,2,2,"2026-10-02","22923"
"Brandin Cooks","WR","SF",NA,NA,363.2,363,171.5,2,2,"2026-10-02","12122"
"John Michael Gyllenborg","TE","KC",NA,NA,364.2,358.4,82.2,2,2,"2026-10-02","28158"
"Thomas Fidone II","TE","NYG",NA,NA,364.3,358.5,82.3,2,2,"2026-10-02","23039"
"Jake Bobo","WR","SEA",28.2,2023,364.7,364.5,173,2,2,"2026-10-02","25339"
"Joe Mixon","RB","FA",NA,NA,365,361.7,113,2,2,"2026-10-02","16420"
"Daniel Bellinger","TE","TEN",26,2022,365,359.2,83,2,2,"2026-10-02","24238"
"Jeremy Ruckert","TE","NYJ",NA,NA,365.2,359.4,83.2,2,2,"2026-10-02","23742"
"Hunter Long","TE","ARI",NA,NA,365.5,359.7,83.5,2,2,"2026-10-02","22783"
"Luke Schoonmaker","TE","DAL",28,2023,365.7,359.9,83.7,2,2,"2026-10-02","25267"
"Nick Mullens","QB","JAC",NA,NA,365.8,372.7,79,2,2,"2026-10-02","16726"
"Grant Calcaterra","TE","PHI",27.8,2022,366,360.2,84,2,2,"2026-10-02","24180"
"Jeremy McNichols","RB","WAS",NA,NA,366.5,363.2,114.5,2,2,"2026-10-02","16445"
"Rasheen Ali","RB","BAL",25.6,2024,366.7,363.4,114.7,2,2,"2026-10-02","25983"
"Raheem Mostert","RB","LV",NA,NA,367,363.7,115,2,2,"2026-10-02","14338"
"Phil Mafah","RB","NYG",NA,NA,367,363.7,115,2,2,"2026-10-02","22928"
"Tanner Hudson","TE","CIN",NA,NA,367,361.2,85,2,2,"2026-10-02","17826"
"Xavier Restrepo","WR","TEN",NA,NA,367.2,367,175.5,2,2,"2026-10-02","27066"
"Malachi Corley","WR","CLE",24.5,2024,367.7,367.5,176,2,2,"2026-10-02","26023"
"Kyle Allen","QB","BUF",NA,NA,368.3,375.2,81.5,2,2,"2026-10-02","17869"
"Ashton Dulin","WR","IND",NA,NA,368.7,368.5,177,2,2,"2026-10-02","18656"
"Van Jefferson","WR","WAS",NA,NA,368.7,368.5,177,2,2,"2026-10-02","19483"
"Tyler Conklin","TE","DET",NA,NA,369,363.2,87,2,2,"2026-10-02","17598"
"Tyler Lockett","WR","LV",NA,NA,369.2,369,177.5,2,2,"2026-10-02","13971"
"Isaiah Hodgins","WR","PIT",NA,NA,369.2,369,177.5,2,2,"2026-10-02","19375"
"Antonio Gibson","RB","FA",NA,NA,369.5,366.2,117.5,2,2,"2026-10-02","19624"
"Jacob Cowing","WR","SF",25.7,2024,369.7,369.5,178,2,2,"2026-10-02","25289"
"Jalin Hyatt","WR","NYG",NA,NA,369.7,369.5,178,2,2,"2026-10-02","25251"
"Stetson Bennett IV","QB","LAR",28.9,2023,369.8,376.7,83,2,2,"2026-10-02","23927"
"Kurtis Rourke","QB","SF",NA,NA,369.8,376.7,83,2,2,"2026-10-02","27129"
"Bo Melton","WR","GB",27.4,2022,370.2,370,178.5,2,2,"2026-10-02","24049"
"Dameon Pierce","RB","PHI",NA,NA,371,367.7,119,2,2,"2026-10-02","22947"
"Marquez Valdes-Scantling","WR","LAC",NA,NA,371.2,371,179.5,2,2,"2026-10-02","17528"
"Noah Brown","WR","FA",NA,NA,372.7,372.5,181,2,2,"2026-10-02","16443"
"Sam Ehlinger","QB","DEN",NA,NA,373.3,380.2,86.5,2,1,"2026-10-02","19803"
"Desmond Reid","RB","FA",NA,NA,374,370.7,122,2,2,"2026-10-02","28110"
"Josh Reynolds","WR","FA",NA,NA,374.2,374,182.5,2,2,"2026-10-02","16439"
"Davis Allen","TE","LAR",25.7,2023,374.3,368.5,92.3,2,2,"2026-10-02","23761"
"Damien Martinez","RB","FA",22.7,2025,374.5,371.2,122.5,2,2,"2026-10-02","25976"
"Miles Sanders","RB","FA",NA,NA,374.5,371.2,122.5,2,2,"2026-10-02","18283"
"Sterling Shepard","WR","NYJ",NA,NA,374.7,374.5,183,2,2,"2026-10-02","15569"
"Harrison Bryant","TE","FA",NA,NA,375,369.2,93,2,2,"2026-10-02","19389"
"JuJu Smith-Schuster","WR","FA",29.9,2017,375.2,375,183.5,2,2,"2026-10-02","16427"
"Kylen Granson","TE","TEN",NA,NA,376.5,370.7,94.5,2,2,"2026-10-02","22841"
"Brock Wright","TE","DET",27.8,2021,376.5,370.7,94.5,2,2,"2026-10-02","23341"
"Curtis Samuel","WR","FA",NA,NA,376.7,376.5,185,2,2,"2026-10-02","16434"
"Brevin Jordan","TE","HOU",26.2,2021,378.5,372.7,96.5,1,2,"2026-10-02","20162"
"Tommy DeVito","QB","NE",NA,NA,378.8,385.7,92,1,1,"2026-10-02","25746"
"Michael Carter","RB","TEN",NA,NA,379,375.7,127,1,2,"2026-10-02","22728"
"Zamir White","RB","NO",NA,NA,379,375.7,127,1,2,"2026-10-02","20095"
"Drew Sample","TE","CIN",NA,NA,379,373.2,97,1,2,"2026-10-02","18561"
"Stone Smartt","TE","NO",NA,NA,379,373.2,97,1,2,"2026-10-02","24621"
"Ty Chandler","RB","NO",NA,NA,379.5,376.2,127.5,1,2,"2026-10-02","19471"
"Elijah Mitchell","RB","FA",NA,NA,379.5,376.2,127.5,1,2,"2026-10-02","22813"
"Josh Johnson","QB","CIN",NA,NA,379.8,386.7,93,1,1,"2026-10-02","9326"
"Alexander Mattison","RB","FA",28.3,2019,380,376.7,128,1,2,"2026-10-02","18621"
"Khalil Herbert","RB","ATL",NA,NA,380,376.7,128,1,2,"2026-10-02","22763"
"Patrick Taylor Jr.","RB","FA",NA,NA,380,376.7,128,1,2,"2026-10-02","19544"
"Arian Smith","WR","NYJ",25,2025,380.2,380,188.5,1,1,"2026-10-02","22965"
"Zack Moss","RB","FA",NA,NA,380.5,377.2,128.5,1,1,"2026-10-02","19263"
"Dylan Laube","RB","LV",26.8,2024,380.7,377.4,128.7,1,1,"2026-10-02","26194"
"Durham Smythe","TE","BAL",NA,NA,381.5,375.7,99.5,1,2,"2026-10-02","17508"
"Tim Patrick","WR","NYJ",32.9,2017,381.7,381.5,190,1,1,"2026-10-02","16556"
"Ameer Abdullah","RB","JAC",NA,NA,382.5,379.2,130.5,1,1,"2026-10-02","13924"
"Diontae Johnson","WR","FA",NA,NA,382.7,382.5,191,1,1,"2026-10-02","18615"
"Noah Whittington","RB","HOU",NA,NA,383,379.7,131,1,1,"2026-10-02","28115"
"Mo Alie-Cox","TE","IND",NA,NA,383,377.2,101,1,1,"2026-10-02","16579"
"Jermaine Burton","WR","FA",NA,NA,383.2,383,191.5,1,1,"2026-10-02","22956"
"Case Keenum","QB","CHI",NA,NA,383.3,390.2,96.5,1,1,"2026-10-02","11425"
"Daylan Smothers","RB","FA",NA,NA,384,380.7,132,1,1,"2026-10-02","28085"
"Jackson Hawes","TE","BUF",NA,NA,384,378.2,102,1,1,"2026-10-02","27469"
"Hassan Haskins","RB","FA",NA,NA,384.5,381.2,132.5,1,1,"2026-10-02","23798"
"Cam Akers","RB","FA",NA,NA,384.5,381.2,132.5,1,1,"2026-10-02","19268"
"Javon Baker","WR","FA",24.6,2024,384.7,384.5,193,1,1,"2026-10-02","22885"
"Luke Farrell","TE","SF",NA,NA,385,379.2,103,1,1,"2026-10-02","19501"
"Julian Hill","TE","NE",NA,NA,385,379.2,103,1,1,"2026-10-02","25824"
"Tip Reiman","TE","ARI",NA,NA,385.5,379.7,103.5,1,1,"2026-10-02","26432"
"Rahsul Faison","RB","FA",NA,NA,386,382.7,134,1,1,"2026-10-02","28112"
"Mark Fletcher","RB","FA",NA,NA,387,383.7,135,1,1,"2026-10-02","27325"
"AJ Dillon","RB","CAR",28.4,2020,387.5,384.2,135.5,1,1,"2026-10-02","19358"
"Sean Clifford","QB","CIN",NA,NA,387.8,394.7,101,1,1,"2026-10-02","20073"
"Sione Vaki","RB","DET",25.2,2024,388,384.7,136,1,1,"2026-10-02","26309"
"Chip Trayanum","RB","NYJ",NA,NA,388,384.7,136,1,1,"2026-10-02","28114"
"Zay Jones","WR","FA",NA,NA,388.2,388,196.5,1,1,"2026-10-02","16431"
"John Bates","TE","WAS",NA,NA,389,383.2,107,1,1,"2026-10-02","22833"
"Moliki Matavao","TE","NO",NA,NA,389.5,383.7,107.5,1,1,"2026-10-02","23093"
"Kenny McIntosh","RB","FA",NA,NA,390,386.7,138,1,1,"2026-10-02","25329"
"Lucas Krull","TE","DEN",NA,NA,390,384.2,108,1,1,"2026-10-02","24240"
"Sincere McCormick","RB","SF",NA,NA,390.5,387.2,138.5,1,1,"2026-10-02","23172"
"Drew Ogletree","TE","IND",NA,NA,392,386.2,110,1,1,"2026-10-02","24561"
"Johnny Mundt","TE","PHI",NA,NA,392,386.2,110,1,1,"2026-10-02","16743"
"Brevyn Spann-Ford","TE","DAL",NA,NA,392,386.2,110,1,1,"2026-10-02","26003"
"Will Mallory","TE","IND",NA,NA,392,386.2,110,1,1,"2026-10-02","23821"
"Jonathan Mingo","WR","DAL",25.5,2023,392.7,392.5,201,1,1,"2026-10-02","23030"
"Jawhar Jordan","RB","HOU",NA,NA,393,389.7,141,1,1,"2026-10-02","26329"
"Zavier Scott","RB","CHI",27.2,2023,393,389.7,141,1,1,"2026-10-02","25748"
"Dare Ogunbowale","RB","HOU",NA,NA,393.5,390.2,141.5,1,1,"2026-10-02","16879"
"Tyler Goodson","RB","DAL",NA,NA,393.5,390.2,141.5,1,1,"2026-10-02","22976"
"Payne Durham","TE","TB",NA,NA,393.5,387.7,111.5,1,1,"2026-10-02","25346"
"David Moore","WR","CAR",NA,NA,393.7,393.5,202,1,1,"2026-10-02","16757"
"Jamari Thrash","WR","FA",NA,NA,394.2,394,202.5,1,1,"2026-10-02","26162"
"Johnny Wilson","WR","PHI",25.5,2024,395.7,395.5,204,1,1,"2026-10-02","25295"
"Terrell Jennings","RB","FA",NA,NA,396,392.7,144,1,1,"2026-10-02","26964"
"Allen Lazard","WR","FA",NA,NA,397.2,397,205.5,1,1,"2026-10-02","17301"
"Kalel Mullings","RB","TEN",NA,NA,398,394.7,146,1,1,"2026-10-02","27045"
"Eric Gray","RB","CLE",NA,NA,399,395.7,147,1,1,"2026-10-02","23075"
"Evan Hull","RB","ARI",NA,NA,399,395.7,147,1,1,"2026-10-02","25325"
"Eric Saubert","TE","SEA",NA,NA,399,393.2,117,1,1,"2026-10-02","16706"
"Ainias Smith","WR","FA",NA,NA,399.2,399,207.5,1,1,"2026-10-02","23142"
"Dominic Lovett","WR","DET",NA,NA,399.7,399.5,208,1,1,"2026-10-02","26013"
"Tyler Johnson","WR","NYJ",NA,NA,399.7,399.5,208,1,1,"2026-10-02","18633"
"Ray-Ray McCloud III","WR","FA",NA,NA,400.2,400,208.5,1,1,"2026-10-02","17530"
"Craig Reynolds","RB","WAS",NA,NA,401,397.7,149,1,1,"2026-10-02","19074"
"Gus Edwards","RB","FA",NA,NA,402,398.7,150,1,1,"2026-10-02","17687"
"Jack Stoll","TE","SF",NA,NA,402,396.2,120,1,1,"2026-10-02","23193"
"Skyy Moore","WR","GB",26.1,2022,402.2,402,210.5,1,1,"2026-10-02","23905"
"Tyler Scott","WR","LV",NA,NA,402.2,402,210.5,1,1,"2026-10-02","25442"
"Cedrick Wilson Jr.","WR","FA",NA,NA,402.7,402.5,211,1,1,"2026-10-02","17262"
"Jaret Patterson","RB","FA",NA,NA,404,400.7,152,1,1,"2026-10-02","20155"
"Trey Sermon","RB","ATL",NA,NA,404,400.7,152,1,1,"2026-10-02","19425"
"James Mitchell","TE","DAL",NA,NA,404,398.2,122,1,1,"2026-10-02","23174"
"Tylan Wallace","WR","CLE",NA,NA,404.7,404.5,213,1,1,"2026-10-02","19801"
"D'Onta Foreman","RB","FA",NA,NA,405,401.7,153,1,1,"2026-10-02","16407"
"Connor Heyward","TE","LV",NA,NA,405,399.2,123,1,1,"2026-10-02","24562"
"Charlie Jones","WR","NYG",NA,NA,405.2,405,213.5,1,1,"2026-10-02","25336"
"Marcus Yarns","RB","FA",NA,NA,406,402.7,154,1,1,"2026-10-02","27293"
"Carson Steele","RB","PHI",NA,NA,406,402.7,154,1,1,"2026-10-02","26372"
"Derius Davis","WR","LAC",26.1,2023,406.2,406,214.5,1,1,"2026-10-02","25334"
"Ian Thomas","TE","LV",NA,NA,406.5,400.7,124.5,1,1,"2026-10-02","17387"
"Donovan Edwards","RB","FA",23.6,2025,407,403.7,155,1,1,"2026-10-02","23014"
"Teagan Quitoriano","TE","ARI",NA,NA,407.5,401.7,125.5,1,1,"2026-10-02","24182"
"Ben Skowronek","WR","PIT",NA,NA,409.7,409.5,218,1,1,"2026-10-02","22843"
"Hunter Renfrow","WR","FA",NA,NA,410.2,410,218.5,1,1,"2026-10-02","18345"
"Justin Watson","WR","FA",NA,NA,410.2,410,218.5,1,1,"2026-10-02","17603"
"Scotty Miller","WR","FA",NA,NA,410.2,410,218.5,1,1,"2026-10-02","18714"
"Cody Schrader","RB","DEN",NA,NA,411,407.7,159,1,1,"2026-10-02","26216"
"Clyde Edwards-Helaire","RB","FA",NA,NA,412,408.7,160,1,1,"2026-10-02","19325"
"Montrell Johnson Jr.","RB","FA",NA,NA,413,409.7,161,1,1,"2026-10-02","27649"
"DeeJay Dallas","RB","MIN",NA,NA,414,410.7,162,1,1,"2026-10-02","19521"
"Israel Abanikanda","RB","DAL",NA,NA,414,410.7,162,1,1,"2026-10-02","24352"
"Cordarrelle Patterson","RB","FA",NA,NA,414,410.7,162,1,1,"2026-10-02","11613"
"Corey Kiner","RB","NE",NA,NA,414,410.7,162,1,1,"2026-10-02","22997"
"Braxton Berrios","WR","NYG",NA,NA,414.2,414,222.5,1,1,"2026-10-02","17289"
"K.J. Osborn","WR","TEN",NA,NA,414.2,414,222.5,1,1,"2026-10-02","19708"
"Keaontay Ingram","RB","FA",NA,NA,414.5,411.2,162.5,1,1,"2026-10-02","23162"
"Deneric Prince","RB","FA",NA,NA,414.5,411.2,162.5,1,1,"2026-10-02","25770"
"Kendall Milton","RB","CIN",NA,NA,415,411.7,163,1,1,"2026-10-02","22962"
"Raheem Blackshear","RB","FA",NA,NA,415,411.7,163,1,1,"2026-10-02","20100"
"Mike Boone","RB","FA",NA,NA,416,412.7,164,1,1,"2026-10-02","17813"
"Bub Means","WR","CLE",NA,NA,416.2,416,224.5,1,1,"2026-10-02","26354"
"Pierre Strong Jr.","RB","GB",NA,NA,416.5,413.2,164.5,1,1,"2026-10-02","24173"
"Deuce Vaughn","RB","FA",NA,NA,417,413.7,165,1,1,"2026-10-02","22984"
"Velus Jones Jr.","WR","SEA",NA,NA,417.7,417.5,226,1,1,"2026-10-02","24214"
"Tahj Washington","WR","FA",25.4,2024,417.7,417.5,226,1,1,"2026-10-02","26397"
"Blake Watson","RB","FA",NA,NA,418,414.7,166,1,1,"2026-10-02","26391"
"Dalvin Cook","RB","FA",NA,NA,418,414.7,166,1,1,"2026-10-02","16374"
"Dillon Johnson","RB","FA",NA,NA,421,417.7,169,1,1,"2026-10-02","26226"
"Xavier Gipson","WR","PHI",NA,NA,421.2,421,229.5,1,1,"2026-10-02","25758"
"Salvon Ahmed","RB","CHI",NA,NA,421.5,418.2,169.5,1,1,"2026-10-02","19449"
"Frank Gore Jr.","RB","BUF",NA,NA,422,418.7,170,1,1,"2026-10-02","25980"
"Devin Duvernay","WR","ARI",NA,NA,422.7,422.5,231,1,1,"2026-10-02","19270"
"Ronnie Rivers","RB","LAR",NA,NA,423,419.7,171,1,1,"2026-10-02","23986"
"Jermar Jefferson","RB","FA",NA,NA,423,419.7,171,1,1,"2026-10-02","20088"
"Mecole Hardman Jr.","WR","FA",NA,NA,423.7,423.5,232,0,1,"2026-10-02","18587"
"Quez Watkins","WR","FA",NA,NA,423.7,423.5,232,0,1,"2026-10-02","19715"
"Jason Brownlee","WR","FA",NA,NA,424.2,424,232.5,0,0,"2026-10-02","25754"
"Julius Chestnut","RB","TEN",25.9,2022,424.5,421.2,172.5,0,1,"2026-10-02","24689"
"Keilan Robinson","RB","FA",NA,NA,424.5,421.2,172.5,0,1,"2026-10-02","22896"
"Jeff Wilson Jr.","RB","FA",NA,NA,425.5,422.2,173.5,0,1,"2026-10-02","18026"
"D'Ernest Johnson","RB","FA",NA,NA,425.5,422.2,173.5,0,1,"2026-10-02","19111"
"Kene Nwangwu","RB","NYJ",NA,NA,426,422.7,174,0,1,"2026-10-02","23249"
"Daijun Edwards","RB","FA",NA,NA,429,425.7,177,0,0,"2026-10-02","25985"
"Tejhaun Palmer","WR","FA",NA,NA,429.7,429.5,238,0,0,"2026-10-02","26411"
"Joshua Kelley","RB","FA",NA,NA,430,426.7,178,0,0,"2026-10-02","19445"
"Travis Homer","RB","PIT",NA,NA,430.5,427.2,178.5,0,0,"2026-10-02","18616"
"Danny Gray","WR","FA",NA,NA,431.2,431,239.5,0,0,"2026-10-02","24178"
"Darrynton Evans","RB","FA",NA,NA,432,428.7,180,0,0,"2026-10-02","19418"
"Chase Edmonds","RB","WAS",NA,NA,433,429.7,181,0,0,"2026-10-02","17496"
"Louis Rees-Zammit","RB","FA",NA,NA,433,429.7,181,0,0,"2026-10-02","26443"
"Nyheim Miller-Hines","RB","FA",NA,NA,436.5,433.2,184.5,0,0,"2026-10-02","17297"
"Kevin Harris","RB","FA",NA,NA,437,433.7,185,0,0,"2026-10-02","23117"
"JaMycal Hasty","RB","FA",NA,NA,438,434.7,186,0,0,"2026-10-02","19627"
"Jerick McKinnon","RB","FA",NA,NA,438,434.7,186,0,0,"2026-10-02","12209"
"Michael Wiley","RB","FA",NA,NA,438.5,435.2,186.5,0,0,"2026-10-02","26380"
"Gary Brightwell","RB","FA",NA,NA,439,435.7,187,0,0,"2026-10-02","23293"
"Isaiah Spiller","RB","FA",NA,NA,439,435.7,187,0,0,"2026-10-02","23143"
"Leonard Fournette","RB","FA",NA,NA,440,436.7,188,0,0,"2026-10-02","16378"
"Trayveon Williams","RB","FA",NA,NA,440.5,437.2,188.5,0,0,"2026-10-02","18607"
"DeWayne McBride","RB","FA",NA,NA,441,437.7,189,0,0,"2026-10-02","25265"
"Jase McClellan","RB","FA",NA,NA,442,438.7,190,0,0,"2026-10-02","22894"
"James Robinson","RB","FA",NA,NA,443,439.7,191,0,0,"2026-10-02","19631"
"Chris Evans","RB","FA",NA,NA,444,440.7,192,0,0,"2026-10-02","22797"
"Deon Jackson","RB","FA",NA,NA,445,441.7,193,0,0,"2026-10-02","20097"
"Tyrion Davis-Price","RB","FA",NA,NA,446,442.7,194,0,0,"2026-10-02","22992"
"Lew Nichols III","RB","PIT",NA,NA,448,444.7,196,0,0,"2026-10-02","25443"
"Matt Breida","RB","FA",NA,NA,449,445.7,197,0,0,"2026-10-02","17058"
"Jashaun Corbin","RB","FA",NA,NA,450,446.7,198,0,0,"2026-10-02","22948"
"Royce Freeman","RB","FA",NA,NA,450,446.7,198,0,0,"2026-10-02","17245"
"Eno Benjamin","RB","FA",NA,NA,453,449.7,201,0,0,"2026-10-02","19361"
"Ke'Shawn Vaughn","RB","FA",NA,NA,454,450.7,202,0,0,"2026-10-02","19351"
"Myles Gaskin","RB","FA",NA,NA,457,453.7,205,0,0,"2026-10-02","17251"
"Dontrell Hilliard","RB","FA",NA,NA,458,454.7,206,0,0,"2026-10-02","18037"
"Melvin Gordon III","RB","FA",NA,NA,460,456.7,208,0,0,"2026-10-02","13903"
"Kenyan Drake","RB","FA",NA,NA,463,459.7,211,0,0,"2026-10-02","15637"
"Marlon Mack","RB","FA",NA,NA,464,460.7,212,0,0,"2026-10-02","16444"
"Snoop Conner","RB","FA",NA,NA,466,462.7,214,0,0,"2026-10-02","23027"
"Emani Bailey","RB","FA",NA,NA,467,463.7,215,0,0,"2026-10-02","26330"
"Brandon Bolden","RB","FA",NA,NA,468,464.7,216,0,0,"2026-10-02","11410"
"Mohamed Ibrahim","RB","FA",NA,NA,469,465.7,217,0,0,"2026-10-02","20153"
"Miyan Williams","RB","FA",NA,NA,471,467.7,219,0,0,"2026-10-02","25386"
"J.D. McKissic","RB","FA",NA,NA,472,468.7,220,0,0,"2026-10-02","16230"
"Xazavian Valladay","RB","FA",NA,NA,473,469.7,221,0,0,"2026-10-02","25357"
"Tony Jones Jr.","RB","FA",NA,NA,474,470.7,222,0,0,"2026-10-02","19482"
"J.J. Taylor","RB","FA",NA,NA,475,471.7,223,0,0,"2026-10-02","19438"
"La'Mical Perine","RB","FA",NA,NA,476,472.7,224,0,0,"2026-10-02","19333"
"Anthony McFarland Jr.","RB","FA",NA,NA,477,473.7,225,0,0,"2026-10-02","19366"
"Jake Funk","RB","FA",NA,NA,478,474.7,226,0,0,"2026-10-02","23190"
"Derrick Gore","RB","FA",NA,NA,480,476.7,228,0,0,"2026-10-02","19113"
