"player","pos","ecr_1qb","ecr_2qb","ecr_high_1qb","ecr_high_2qb","ecr_low_1qb","ecr_low_2qb","scrape_date","pick"
"2026 Pick 1.01","PICK",20.95,12.9,2.27,3.4,39.63,41.4,"2026-10-02",1
"2026 Pick 1.02","PICK",26.375,21.825,4.54,12.66,48.21,49.32,"2026-10-02",2
"2026 Pick 1.03","PICK",35.595,30.605,14.55,21.77,56.64,57.11,"2026-10-02",3
"2026 Pick 1.04","PICK",44.66,39.24,24.39,30.73,64.93,64.77,"2026-10-02",4
"2026 Pick 1.05","PICK",53.57,47.7275,34.08,39.54,73.06,72.29,"2026-10-02",5
"2026 Pick 1.06","PICK",62.32,56.0625,43.62,48.19,81.02,79.68,"2026-10-02",6
"2026 Pick 1.07","PICK",70.915,64.2575,53.01,56.7,88.82,86.93,"2026-10-02",7
"2026 Pick 1.08","PICK",79.37,72.305,62.26,65.06,96.48,94.04,"2026-10-02",8
"2026 Pick 1.09","PICK",87.675,80.2075,71.35,73.27,104,101.02,"2026-10-02",9
"2026 Pick 1.10","PICK",95.825,87.9675,80.28,81.33,111.37,107.88,"2026-10-02",10
"2026 Pick 1.11","PICK",103.835,95.5875,89.07,89.25,118.6,114.6,"2026-10-02",11
"2026 Pick 1.12","PICK",111.695,103.065,97.7,97.02,125.69,121.2,"2026-10-02",12
"2026 Pick 2.01","PICK",119.405,110.4075,106.18,104.65,132.63,127.68,"2026-10-02",13
"2026 Pick 2.02","PICK",126.975,117.62,114.52,112.15,139.43,134.03,"2026-10-02",14
"2026 Pick 2.03","PICK",134.395,124.6825,122.71,119.5,146.08,140.23,"2026-10-02",15
"2026 Pick 2.04","PICK",141.68,131.61,130.77,126.71,152.59,146.31,"2026-10-02",16
"2026 Pick 2.05","PICK",148.835,138.4,138.69,133.78,158.98,152.26,"2026-10-02",17
"2026 Pick 2.06","PICK",155.85,145.055,146.47,140.71,165.23,158.09,"2026-10-02",18
"2026 Pick 2.07","PICK",162.735,151.5875,154.1,147.51,171.37,163.82,"2026-10-02",19
"2026 Pick 2.08","PICK",169.475,157.995,161.59,154.18,177.36,169.44,"2026-10-02",20
"2026 Pick 2.09","PICK",176.055,164.255,168.93,160.7,183.18,174.92,"2026-10-02",21
"2026 Pick 2.10","PICK",182.485,170.385,176.12,167.1,188.85,180.24,"2026-10-02",22
"2026 Pick 2.11","PICK",188.78,176.3775,183.17,173.36,194.39,185.43,"2026-10-02",23
"2026 Pick 2.12","PICK",194.94,182.2475,190.05,179.49,199.83,190.52,"2026-10-02",24
"2026 Pick 3.01","PICK",200.99,188.005,196.79,185.49,205.19,195.55,"2026-10-02",25
"2026 Pick 3.02","PICK",206.905,193.615,203.42,191.34,210.39,200.44,"2026-10-02",26
"2026 Pick 3.03","PICK",212.675,199.0625,209.97,197.03,215.38,205.16,"2026-10-02",27
"2026 Pick 3.04","PICK",218.31,204.365,216.41,202.58,220.21,209.72,"2026-10-02",28
"2026 Pick 3.05","PICK",223.83,209.5325,222.73,207.99,224.93,214.16,"2026-10-02",29
"2026 Pick 3.06","PICK",229.235,214.59,228.89,213.28,229.58,218.52,"2026-10-02",30
"2026 Pick 3.07","PICK",234.535,219.5525,234.21,218.46,234.86,222.83,"2026-10-02",31
"2026 Pick 3.08","PICK",239.73,224.4325,238.84,223.54,240.62,227.11,"2026-10-02",32
"2026 Pick 3.09","PICK",244.835,229.195,243.45,228.48,246.22,231.34,"2026-10-02",33
"2026 Pick 3.10","PICK",249.845,233.7925,248,233.24,251.69,235.45,"2026-10-02",34
"2026 Pick 3.11","PICK",254.74,238.2525,252.45,237.85,257.03,239.46,"2026-10-02",35
"2026 Pick 3.12","PICK",259.5,242.6025,256.79,242.34,262.21,243.39,"2026-10-02",36
"2026 Pick 4.01","PICK",264.105,246.89,260.98,246.77,267.23,247.25,"2026-10-02",37
"2026 Pick 4.02","PICK",268.52,251.085,264.98,251.06,272.06,251.16,"2026-10-02",38
"2026 Pick 4.03","PICK",272.81,255.005,268.9,254.84,276.72,255.5,"2026-10-02",39
"2026 Pick 4.04","PICK",277.02,258.8825,272.83,258.59,281.21,259.76,"2026-10-02",40
"2026 Pick 4.05","PICK",281.13,262.6925,276.71,262.28,285.55,263.93,"2026-10-02",41
"2026 Pick 4.06","PICK",285.105,266.415,280.48,265.88,289.73,268.02,"2026-10-02",42
"2026 Pick 4.07","PICK",288.915,270.0375,284.07,269.38,293.76,272.01,"2026-10-02",43
"2026 Pick 4.08","PICK",292.54,273.53,287.43,272.74,297.65,275.9,"2026-10-02",44
"2026 Pick 4.09","PICK",295.96,276.9325,290.53,276.01,301.39,279.7,"2026-10-02",45
"2026 Pick 4.10","PICK",299.21,280.2625,293.42,279.22,305,283.39,"2026-10-02",46
"2026 Pick 4.11","PICK",302.305,283.5225,296.14,282.37,308.47,286.98,"2026-10-02",47
"2026 Pick 4.12","PICK",305.285,286.695,298.76,285.44,311.81,290.46,"2026-10-02",48
"2026 Pick 5.01","PICK",308.17,289.7875,301.32,288.44,315.02,293.83,"2026-10-02",49
"2026 Pick 5.02","PICK",310.99,292.7675,303.87,291.33,318.11,297.08,"2026-10-02",50
"2026 Pick 5.03","PICK",313.655,295.6425,306.26,294.11,321.05,300.24,"2026-10-02",51
"2026 Pick 5.04","PICK",316.095,298.4025,308.36,296.76,323.83,303.33,"2026-10-02",52
"2026 Pick 5.05","PICK",318.375,301.07,310.28,299.31,326.47,306.35,"2026-10-02",53
"2026 Pick 5.06","PICK",320.54,303.675,312.11,301.81,328.97,309.27,"2026-10-02",54
"2026 Pick 5.07","PICK",322.65,306.2275,313.94,304.27,331.36,312.1,"2026-10-02",55
"2026 Pick 5.08","PICK",324.765,308.7575,315.89,306.74,333.64,314.81,"2026-10-02",56
"2026 Pick 5.09","PICK",326.84,311.225,317.85,309.17,335.83,317.39,"2026-10-02",57
"2026 Pick 5.10","PICK",328.8,313.59,319.71,311.5,337.89,319.86,"2026-10-02",58
"2026 Pick 5.11","PICK",330.635,315.8675,321.49,313.75,339.78,322.22,"2026-10-02",59
"2026 Pick 5.12","PICK",332.375,318.0675,323.21,315.93,341.54,324.48,"2026-10-02",60
"2027 Early 1st","PICK",38.8106991275649,33.0581991275649,18.3531991275649,24.0556991275649,59.2681991275649,60.0656991275649,"2026-10-02",NA
"2027 Late 1st","PICK",106.673199127565,98.6225741275649,91.5156991275649,92.1331991275649,121.830699127565,118.090699127565,"2026-10-02",NA
"2027 Mid 1st","PICK",73.4594491275649,67.0038241275649,55.1581991275649,59.2881991275649,91.7606991275649,90.1506991275649,"2026-10-02",NA
"2027 Early 2nd","PICK",137.529449127565,127.995699127565,125.460699127565,122.668199127565,149.598199127565,143.978199127565,"2026-10-02",NA
"2027 Late 2nd","PICK",192.480699127565,180.231949127565,186.483199127565,177.078199127565,198.478199127565,189.693199127565,"2026-10-02",NA
"2027 Mid 2nd","PICK",166.139449127565,155.175074127565,157.128199127565,150.960699127565,175.150699127565,167.818199127565,"2026-10-02",NA
"2027 Early 3rd","PICK",216.635699127565,203.177574127565,213.563199127565,201.025699127565,219.708199127565,209.633199127565,"2026-10-02",NA
"2027 Late 3rd","PICK",259.145699127565,242.876324127565,257.088199127565,242.393199127565,261.203199127565,244.325699127565,"2026-10-02",NA
"2027 Mid 3rd","PICK",238.748199127565,223.942574127565,238.083199127565,222.733199127565,239.413199127565,227.570699127565,"2026-10-02",NA
"2027 Early 4th","PICK",277.529449127565,259.881324127565,273.838199127565,259.730699127565,281.220699127565,260.333199127565,"2026-10-02",NA
"2027 Late 4th","PICK",307.605699127565,288.768824127565,301.628199127565,287.675699127565,313.583199127565,292.048199127565,"2026-10-02",NA
"2027 Mid 4th","PICK",293.838199127565,275.084449127565,289.088199127565,274.485699127565,298.588199127565,276.880699127565,"2026-10-02",NA
"2027 Early 5th","PICK",319.143199127565,301.065699127565,311.868199127565,299.575699127565,326.418199127565,305.535699127565,"2026-10-02",NA
"2027 Late 5th","PICK",336.578199127565,321.603199127565,327.480699127565,319.503199127565,345.675699127565,327.903199127565,"2026-10-02",NA
"2027 Mid 5th","PICK",328.498199127565,311.848199127565,319.970699127565,309.948199127565,337.025699127565,317.548199127565,"2026-10-02",NA
"2027 1st","PICK",72.9811157942315,66.2281991275649,55.0090324608982,58.4923657942316,90.9531991275649,89.4356991275649,"2026-10-02",NA
"2027 2nd","PICK",165.383199127565,154.467574127565,156.357365794232,150.235699127565,174.409032460898,167.163199127565,"2026-10-02",NA
"2027 3rd","PICK",238.176532460898,223.332157460898,236.244865794232,222.050699127565,240.108199127565,227.176532460898,"2026-10-02",NA
"2027 4th","PICK",292.991115794232,274.578199127565,288.184865794232,273.964032460898,297.797365794232,276.420699127565,"2026-10-02",NA
"2027 5th","PICK",328.073199127565,311.505699127565,319.773199127565,309.675699127565,336.373199127565,316.995699127565,"2026-10-02",NA
"2028 1st","PICK",82.4765860629213,75.7236693962547,64.504502729588,67.9878360629213,100.448669396255,98.9311693962547,"2026-10-02",NA
"2028 2nd","PICK",174.878669396255,163.963044396255,165.852836062921,159.731169396255,183.904502729588,176.658669396255,"2026-10-02",NA
"2028 3rd","PICK",247.672002729588,232.827627729588,245.740336062921,231.546169396255,249.603669396255,236.672002729588,"2026-10-02",NA
"2028 4th","PICK",302.486586062921,284.073669396255,297.680336062921,283.459502729588,307.292836062921,285.916169396255,"2026-10-02",NA
"2028 5th","PICK",337.568669396255,321.001169396255,329.268669396255,319.171169396255,345.868669396255,326.491169396255,"2026-10-02",NA
